n_qubits,n_layers,n_params,ansatz_type,entangle_pattern,entangler_gate,cost_global,n_entanglers,depth_ratio,cost_weight_eff,cone_qubits,cone_frac,n_shared_params,n_structural,frac_structural,log_var,samples
14,13,182,0,0,0,0,169,0.9285714285714286,1,13,0.5,13,0,0.0,-0.6206354575315352,200
13,16,208,1,1,1,0,208,1.2307692307692308,12,13,0.9951923076923077,16,0,0.0,-3.1493997930292132,200
13,4,52,1,0,1,0,48,0.3076923076923077,1,4,0.19230769230769232,4,0,0.0,-0.9163732229996309,200
13,8,104,0,2,1,0,624,0.6153846153846154,1,13,0.8846153846153846,8,0,0.0,-0.9538094124601553,200
14,11,154,0,1,1,1,154,0.7857142857142857,7,14,0.9545454545454546,11,0,0.0,-2.1985343145178526,200
13,20,260,0,0,0,1,240,1.5384615384615385,13,13,1.0,20,0,0.0,-1.8606061154264202,200
13,2,26,0,2,0,0,156,0.15384615384615385,1,13,0.5384615384615384,2,0,0.0,-0.5700904987122605,200
14,10,140,0,2,0,1,910,0.7142857142857143,14,14,1.0,10,0,0.0,0.7548301868560252,200
14,15,210,1,2,0,1,1365,1.0714285714285714,14,14,1.0,15,0,0.0,-2.875219752014296,200
13,5,65,0,0,0,0,60,0.38461538461538464,1,5,0.23076923076923078,5,0,0.0,-0.47211620218734096,200
13,14,182,1,2,0,0,1092,1.0769230769230769,1,13,0.9340659340659341,14,0,0.0,-2.3747184859056314,200
13,5,65,1,1,1,1,65,0.38461538461538464,6,13,0.8923076923076924,5,0,0.0,-2.3917907618988066,200
13,7,91,1,0,1,0,84,0.5384615384615384,1,7,0.3076923076923077,7,0,0.0,-1.3150909092730554,200
14,20,280,1,0,1,0,260,1.4285714285714286,1,14,0.675,20,1,0.05,-3.0363348027220076,200
13,13,169,0,2,0,1,1014,1.0,13,13,1.0,13,0,0.0,0.7063867018712157,200
13,17,221,1,0,0,1,204,1.3076923076923077,13,13,1.0,17,0,0.0,-3.1715271804685266,200
13,16,208,1,0,1,0,192,1.2307692307692308,1,13,0.625,16,0,0.0,-2.4203673364477876,200
13,8,104,1,1,1,0,104,0.6153846153846154,12,13,0.9903846153846154,8,0,0.0,-3.106448650539537,200
14,5,70,0,2,0,0,455,0.35714285714285715,1,14,0.8142857142857143,5,0,0.0,0.5972208043115945,200
14,17,238,1,2,0,1,1547,1.2142857142857142,14,14,1.0,17,0,0.0,-2.964450368743158,200
13,11,143,1,0,1,0,132,0.8461538461538461,1,11,0.46153846153846156,11,0,0.0,-1.8684373273676054,200
13,4,52,0,0,0,1,48,0.3076923076923077,13,13,1.0,4,0,0.0,-0.8514280513225156,200
14,6,84,1,1,1,1,84,0.42857142857142855,7,14,0.9166666666666666,6,0,0.0,-3.4173924869077226,200
13,4,52,1,1,1,1,52,0.3076923076923077,6,13,0.8653846153846154,4,0,0.0,-1.8505113037174188,200
14,20,280,1,2,1,0,1820,1.4285714285714286,1,14,0.9535714285714286,20,0,0.0,-3.417069004243377,200
14,9,126,1,2,0,0,819,0.6428571428571429,1,14,0.8968253968253969,9,0,0.0,-1.707543982778889,200
13,4,52,0,1,1,0,52,0.3076923076923077,12,13,0.9807692307692307,4,0,0.0,-0.7344230904062057,200
13,10,130,1,2,0,1,780,0.7692307692307693,13,13,1.0,10,0,0.0,-2.2169510652860613,200
14,4,56,0,2,1,1,364,0.2857142857142857,1,14,0.7678571428571429,4,0,0.0,-0.4348176787616543,200
13,5,65,1,0,1,0,60,0.38461538461538464,1,5,0.23076923076923078,5,2,0.4,-0.5466423063204521,200
14,5,70,0,0,1,1,65,0.35714285714285715,7,14,0.9,5,0,0.0,-1.0390916113746738,200
14,4,56,0,1,0,0,56,0.2857142857142857,1,7,0.2857142857142857,4,0,0.0,-0.5709287273819768,200
14,5,70,1,1,1,1,70,0.35714285714285715,7,14,0.9,5,0,0.0,-2.2312376295461536,200
14,17,238,0,1,0,1,238,1.2142857142857142,14,14,1.0,17,0,0.0,-0.4566478776314839,200
14,6,84,1,0,0,0,78,0.42857142857142855,1,6,0.25,6,1,0.16666666666666666,-0.8588464681730595,200
14,2,28,0,1,1,0,28,0.14285714285714285,13,14,0.9642857142857143,2,0,0.0,-0.3274258075797174,200
13,18,234,1,2,1,1,1404,1.3846153846153846,1,13,0.9487179487179487,18,0,0.0,-2.7813502549663838,200
13,6,78,0,2,0,0,468,0.46153846153846156,1,13,0.8461538461538461,6,0,0.0,0.36543352201670726,200
13,19,247,0,2,0,0,1482,1.4615384615384615,1,13,0.951417004048583,19,0,0.0,0.28827036998155703,200
13,4,52,1,2,1,0,312,0.3076923076923077,1,13,0.7692307692307693,4,2,0.5,-0.5729001357642434,200
14,10,140,1,1,0,0,140,0.7142857142857143,1,14,0.65,10,0,0.0,-1.103261261231426,200
14,4,56,1,0,0,1,52,0.2857142857142857,14,14,1.0,4,0,0.0,-1.72387943682715,200
13,1,13,1,1,1,1,13,0.07692307692307693,6,6,0.46153846153846156,1,0,0.0,-0.1515004816725561,200
13,6,78,0,0,1,0,72,0.46153846153846156,1,6,0.2692307692307692,6,0,0.0,-0.527663008257556,200
14,15,210,1,0,0,1,195,1.0714285714285714,14,14,1.0,15,0,0.0,-3.5318803868559225,200
14,10,140,1,0,0,0,130,0.7142857142857143,1,10,0.39285714285714285,10,0,0.0,-0.8682811436395095,200
13,3,39,0,1,1,1,39,0.23076923076923078,6,13,0.8205128205128205,3,0,0.0,-0.5740903928728123,200
14,11,154,0,2,0,1,1001,0.7857142857142857,14,14,1.0,11,0,0.0,0.6887057871410268,200
14,1,14,0,2,1,1,91,0.07142857142857142,1,1,0.07142857142857142,1,0,0.0,-0.35621975072429557,200
14,20,280,1,1,0,1,280,1.4285714285714286,14,14,1.0,20,0,0.0,-3.3846866159515847,200
14,15,210,0,0,0,0,195,1.0714285714285714,1,14,0.5666666666666667,15,0,0.0,-0.6490298700678346,200
13,18,234,1,2,0,0,1404,1.3846153846153846,1,13,0.9487179487179487,18,0,0.0,-2.783997551539833,200
14,5,70,1,2,0,0,455,0.35714285714285715,1,14,0.8142857142857143,5,0,0.0,-1.001993233277461,200
13,13,169,1,0,1,0,156,1.0,1,13,0.5384615384615384,13,0,0.0,-2.0637680741711946,200
13,7,91,1,2,1,0,546,0.5384615384615384,1,13,0.8681318681318682,7,0,0.0,-1.456056627087777,200
14,16,224,0,0,1,0,208,1.1428571428571428,1,14,0.59375,16,0,0.0,-1.3545251754479286,200
14,14,196,0,0,1,1,182,1.0,7,14,0.9642857142857143,14,0,0.0,-2.238092084978106,200
14,8,112,0,0,1,0,104,0.5714285714285714,1,8,0.32142857142857145,8,0,0.0,-0.672823537230887,200
14,2,28,1,0,0,1,26,0.14285714285714285,14,14,1.0,2,0,0.0,-0.7865616643689297,200
13,6,78,0,1,0,0,78,0.46153846153846156,1,11,0.46153846153846156,6,0,0.0,-0.6717509669553114,200
14,6,84,1,0,0,1,78,0.42857142857142855,14,14,1.0,6,0,0.0,-3.5292761587522117,200
14,7,98,0,0,0,0,91,0.5,1,7,0.2857142857142857,7,0,0.0,-0.5439886159362933,200
13,13,169,1,2,0,0,1014,1.0,1,13,0.9289940828402367,13,0,0.0,-2.2384375555497353,200
14,20,280,0,2,0,0,1820,1.4285714285714286,1,14,0.9535714285714286,20,0,0.0,0.30022936738113226,200
13,11,143,1,0,0,0,132,0.8461538461538461,1,11,0.46153846153846156,11,2,0.18181818181818182,-0.8605621263357127,200
13,7,91,0,2,1,1,546,0.5384615384615384,1,13,0.8681318681318682,7,0,0.0,-0.6435313143590443,200
14,20,280,1,2,0,0,1820,1.4285714285714286,1,14,0.9535714285714286,20,0,0.0,-3.1565047519899547,200
13,13,169,1,0,0,0,156,1.0,1,13,0.5384615384615384,13,1,0.07692307692307693,-0.921992947994037,200
13,15,195,1,0,0,1,180,1.1538461538461537,13,13,1.0,15,0,0.0,-3.2324944635795987,200
13,1,13,0,2,0,1,78,0.07692307692307693,13,13,1.0,1,0,0.0,-0.03608882130761733,200
14,8,112,0,2,1,0,728,0.5714285714285714,1,14,0.8839285714285714,8,0,0.0,-0.9133508988437334,200
14,10,140,1,2,1,1,910,0.7142857142857143,1,14,0.9071428571428571,10,0,0.0,-2.0565004769515385,200
13,18,234,0,1,1,0,234,1.3846153846153846,12,13,0.9957264957264957,18,0,0.0,-2.6986420746043622,200
13,2,26,0,2,1,1,156,0.15384615384615385,1,13,0.5384615384615384,2,0,0.0,-0.3112792580006992,200
13,10,130,1,2,0,0,780,0.7692307692307693,1,13,0.9076923076923077,10,0,0.0,-1.9532359867909006,200
13,15,195,1,2,1,1,1170,1.1538461538461537,1,13,0.9384615384615385,15,1,0.06666666666666667,-2.6650233535238605,200
13,4,52,0,0,0,1,48,0.3076923076923077,13,13,1.0,4,0,0.0,-0.9340279810416421,200
14,6,84,0,0,1,1,78,0.42857142857142855,7,14,0.9166666666666666,6,0,0.0,-1.1589998216068724,200
13,18,234,0,1,0,1,234,1.3846153846153846,13,13,1.0,18,0,0.0,-0.3839229685206126,200
13,16,208,1,2,0,0,1248,1.2307692307692308,1,13,0.9423076923076923,16,0,0.0,-2.616954880260297,200
14,15,210,1,0,0,0,195,1.0714285714285714,1,14,0.5666666666666667,15,0,0.0,-1.079176785686676,200
13,6,78,1,2,1,1,468,0.46153846153846156,1,13,0.8461538461538461,6,1,0.16666666666666666,-0.9886825440561829,200
14,20,280,1,2,1,0,1820,1.4285714285714286,1,14,0.9535714285714286,20,0,0.0,-3.4147375208697626,200
13,3,39,1,2,1,1,234,0.23076923076923078,1,13,0.6923076923076923,3,0,0.0,-0.46362863232221496,200
13,4,52,1,0,1,0,48,0.3076923076923077,1,4,0.19230769230769232,4,0,0.0,-0.8557166208175494,200
13,7,91,1,1,0,1,91,0.5384615384615384,13,13,1.0,7,0,0.0,-3.198943829874553,200
14,5,70,0,2,0,1,455,0.35714285714285715,14,14,1.0,5,0,0.0,0.7756784616947731,200
14,13,182,0,1,0,1,182,0.9285714285714286,14,14,1.0,13,0,0.0,-0.4795159002203249,200
13,11,143,0,2,0,0,858,0.8461538461538461,1,13,0.916083916083916,11,0,0.0,0.3259958806080989,200
13,5,65,1,2,0,1,390,0.38461538461538464,13,13,1.0,5,0,0.0,-1.3730944579915783,200
13,10,130,0,2,1,1,780,0.7692307692307693,1,13,0.9076923076923077,10,0,0.0,-0.8376271604286767,200
13,7,91,1,0,1,1,84,0.5384615384615384,7,13,0.9340659340659341,7,0,0.0,-2.629155484413021,200
13,13,169,1,2,1,1,1014,1.0,1,13,0.9289940828402367,13,1,0.07692307692307693,-2.1396625186283846,200
13,9,117,1,1,0,0,117,0.6923076923076923,1,13,0.6410256410256411,9,0,0.0,-1.0375841097054166,200
13,7,91,1,0,1,1,84,0.5384615384615384,7,13,0.9340659340659341,7,0,0.0,-2.899139203713788,200
13,2,26,0,0,1,1,24,0.15384615384615385,7,13,0.7692307692307693,2,0,0.0,-0.4161303423241282,200
14,10,140,1,0,0,1,130,0.7142857142857143,14,14,1.0,10,0,0.0,-3.6392818383522707,200
13,17,221,1,0,1,1,204,1.3076923076923077,7,13,0.9728506787330317,17,0,0.0,-3.1728313693234838,200
13,3,39,1,0,0,0,36,0.23076923076923078,1,3,0.15384615384615385,3,0,0.0,-0.7147513484427437,200
14,13,182,0,2,1,0,1183,0.9285714285714286,1,14,0.9285714285714286,13,0,0.0,-1.4239802500426157,200
13,20,260,1,0,1,1,240,1.5384615384615385,7,13,0.9769230769230769,20,0,0.0,-3.124946853086779,200
14,11,154,1,1,1,1,154,0.7857142857142857,7,14,0.9545454545454546,11,0,0.0,-3.402151934082686,200
14,19,266,1,2,1,0,1729,1.3571428571428572,1,14,0.9511278195488722,19,0,0.0,-3.3951780258853423,200
14,16,224,1,0,0,0,208,1.1428571428571428,1,14,0.59375,16,0,0.0,-0.983914375605072,200
13,9,117,1,0,1,1,108,0.6923076923076923,7,13,0.9487179487179487,9,0,0.0,-2.9019619505516467,200
14,20,280,0,1,0,1,280,1.4285714285714286,14,14,1.0,20,0,0.0,-0.49592505771224227,200
14,19,266,1,2,0,0,1729,1.3571428571428572,1,14,0.9511278195488722,19,0,0.0,-2.819656908971648,200
14,5,70,1,0,0,1,65,0.35714285714285715,14,14,1.0,5,0,0.0,-2.9895687266019473,200
14,7,98,0,1,0,1,98,0.5,14,14,1.0,7,0,0.0,-0.43463923469844234,200
14,6,84,1,2,0,0,546,0.42857142857142855,1,14,0.8452380952380952,6,0,0.0,-1.158669614779188,200
14,8,112,1,0,1,0,104,0.5714285714285714,1,8,0.32142857142857145,8,2,0.25,-1.1748106420290936,200
13,18,234,1,2,1,0,1404,1.3846153846153846,1,13,0.9487179487179487,18,1,0.05555555555555555,-3.065221792064161,200
13,18,234,1,0,0,0,216,1.3846153846153846,1,13,0.6666666666666666,18,0,0.0,-1.1007129913876479,200
14,11,154,0,2,0,1,1001,0.7857142857142857,14,14,1.0,11,0,0.0,0.6995712149169064,200
14,7,98,0,1,1,0,98,0.5,13,14,0.9897959183673469,7,0,0.0,-1.467789191353962,200
14,19,266,1,0,0,0,247,1.3571428571428572,1,14,0.6578947368421053,19,0,0.0,-1.1591371020366676,200
13,15,195,1,2,1,1,1170,1.1538461538461537,1,13,0.9384615384615385,15,0,0.0,-3.2459138215269165,200
14,20,280,0,0,1,0,260,1.4285714285714286,1,14,0.675,20,0,0.0,-1.7249221953373644,200
13,14,182,1,0,0,1,168,1.0769230769230769,13,13,1.0,14,0,0.0,-3.2778676401818636,200
14,13,182,1,2,1,0,1183,0.9285714285714286,1,14,0.9285714285714286,13,0,0.0,-2.4184668587900364,200
14,1,14,0,2,0,1,91,0.07142857142857142,14,14,1.0,1,0,0.0,0.046603596678968996,200
13,10,130,1,0,1,0,120,0.7692307692307693,1,10,0.4230769230769231,10,0,0.0,-1.8859394064958597,200
14,16,224,0,1,1,0,224,1.1428571428571428,13,14,0.9955357142857143,16,0,0.0,-2.8657420093469343,200
13,8,104,1,0,0,0,96,0.6153846153846154,1,8,0.34615384615384615,8,0,0.0,-0.8077868135703731,200
14,13,182,1,2,1,0,1183,0.9285714285714286,1,14,0.9285714285714286,13,1,0.07692307692307693,-2.6381766841558822,200
14,7,98,1,1,0,0,98,0.5,1,13,0.5,7,1,0.14285714285714285,-0.9223536036706229,200
14,2,28,0,1,0,0,28,0.14285714285714285,1,3,0.14285714285714285,2,0,0.0,-0.45667258599810406,200
13,17,221,1,1,1,1,221,1.3076923076923077,6,13,0.9683257918552036,17,0,0.0,-3.1296737931647245,200
13,9,117,0,2,0,0,702,0.6923076923076923,1,13,0.8974358974358975,9,0,0.0,0.3385984849768903,200
13,5,65,0,2,0,0,390,0.38461538461538464,1,13,0.8153846153846154,5,0,0.0,0.40674424153195887,200
13,3,39,0,1,0,0,39,0.23076923076923078,1,5,0.23076923076923078,3,0,0.0,-0.4723470584064649,200
13,4,52,0,2,1,0,312,0.3076923076923077,1,13,0.7692307692307693,4,0,0.0,-0.46010784944431293,200
14,18,252,0,1,1,1,252,1.2857142857142858,7,14,0.9722222222222222,18,0,0.0,-2.950778817928344,200
14,4,56,0,2,0,0,364,0.2857142857142857,1,14,0.7678571428571429,4,0,0.0,0.4226441330283011,200
13,14,182,1,1,0,0,182,1.0769230769230769,1,13,0.7692307692307693,14,0,0.0,-1.0109173970945735,200
14,12,168,0,0,0,0,156,0.8571428571428571,1,12,0.4642857142857143,12,0,0.0,-0.6020553038199732,200
14,13,182,1,1,0,1,182,0.9285714285714286,14,14,1.0,13,0,0.0,-3.5384191518299004,200
14,9,126,0,1,1,1,126,0.6428571428571429,7,14,0.9444444444444444,9,0,0.0,-1.713320117785418,200
13,8,104,0,1,1,1,104,0.6153846153846154,6,13,0.9326923076923077,8,0,0.0,-1.619295926591008,200
14,17,238,0,2,1,1,1547,1.2142857142857142,1,14,0.9453781512605042,17,0,0.0,-1.4564302483278055,200
14,19,266,0,0,1,0,247,1.3571428571428572,1,14,0.6578947368421053,19,0,0.0,-1.67319974734917,200
14,4,56,0,2,0,0,364,0.2857142857142857,1,14,0.7678571428571429,4,0,0.0,0.4529590383226148,200
14,18,252,0,0,1,1,234,1.2857142857142858,7,14,0.9722222222222222,18,0,0.0,-2.456043168226588,200
13,14,182,0,0,1,1,168,1.0769230769230769,7,13,0.967032967032967,14,0,0.0,-2.0739777486089994,200
13,11,143,0,0,0,1,132,0.8461538461538461,13,13,1.0,11,0,0.0,-1.792330490354745,200
13,8,104,1,0,1,1,96,0.6153846153846154,7,13,0.9423076923076923,8,0,0.0,-2.990451218036918,200
13,17,221,1,0,1,0,204,1.3076923076923077,1,13,0.6470588235294118,17,0,0.0,-2.87184292571471,200
14,13,182,0,0,0,1,169,0.9285714285714286,14,14,1.0,13,0,0.0,-1.8054967324346622,200
13,3,39,1,1,1,0,39,0.23076923076923078,12,13,0.9743589743589743,3,0,0.0,-1.460271748123335,200
13,20,260,1,0,0,0,240,1.5384615384615385,1,13,0.7,20,0,0.0,-1.1218616970679223,200
13,19,247,1,1,1,1,247,1.4615384615384615,6,13,0.97165991902834,19,0,0.0,-3.125331676250117,200
13,4,52,0,2,1,0,312,0.3076923076923077,1,13,0.7692307692307693,4,0,0.0,-0.49669439890449113,200
14,10,140,1,2,0,1,910,0.7142857142857143,14,14,1.0,10,0,0.0,-2.18085184115141,200
13,7,91,0,1,0,1,91,0.5384615384615384,13,13,1.0,7,0,0.0,-0.3575583363137281,200
14,3,42,0,2,1,0,273,0.21428571428571427,1,14,0.6904761904761905,3,0,0.0,-0.37010433120341457,200
14,13,182,1,1,1,1,182,0.9285714285714286,7,14,0.9615384615384616,13,0,0.0,-3.411044232378018,200
14,6,84,1,0,1,0,78,0.42857142857142855,1,6,0.25,6,4,0.6666666666666666,-0.6027106339032955,200
14,5,70,1,1,1,0,70,0.35714285714285715,13,14,0.9857142857142858,5,0,0.0,-2.3842663148022285,200
14,18,252,1,0,1,0,234,1.2857142857142858,1,14,0.6388888888888888,18,1,0.05555555555555555,-2.621610012550497,200
14,3,42,1,0,0,1,39,0.21428571428571427,14,14,1.0,3,0,0.0,-1.3510359309087392,200
13,20,260,0,0,0,1,240,1.5384615384615385,13,13,1.0,20,0,0.0,-2.0096515940537714,200
13,1,13,1,2,1,0,78,0.07692307692307693,1,1,0.07692307692307693,1,0,0.0,-0.305909584916305,200
14,11,154,0,2,0,1,1001,0.7857142857142857,14,14,1.0,11,0,0.0,0.7021410757490739,200
13,1,13,1,2,0,0,78,0.07692307692307693,1,1,0.07692307692307693,1,0,0.0,-0.28359100935227893,200
13,19,247,0,0,1,0,228,1.4615384615384615,1,13,0.6842105263157895,19,0,0.0,-1.658934440632289,200
13,1,13,0,1,1,0,13,0.07692307692307693,12,12,0.9230769230769231,1,0,0.0,-0.04722187946554758,200
13,20,260,1,1,1,0,260,1.5384615384615385,12,13,0.9961538461538462,20,0,0.0,-3.09075097510956,200
14,12,168,0,1,1,1,168,0.8571428571428571,7,14,0.9583333333333334,12,0,0.0,-2.5195952970116235,200
13,1,13,0,0,1,1,12,0.07692307692307693,7,7,0.5384615384615384,1,0,0.0,-0.06600240281505114,200
13,16,208,0,2,1,0,1248,1.2307692307692308,1,13,0.9423076923076923,16,0,0.0,-1.6318123322621936,200
14,7,98,0,0,0,1,91,0.5,14,14,1.0,7,0,0.0,-0.9964921868521182,200
14,14,196,1,2,1,0,1274,1.0,1,14,0.9336734693877551,14,0,0.0,-3.273591673888909,200
13,4,52,1,2,0,0,312,0.3076923076923077,1,13,0.7692307692307693,4,0,0.0,-0.6903652587253241,200
13,14,182,1,1,1,0,182,1.0769230769230769,12,13,0.9945054945054945,14,0,0.0,-3.07669518680502,200
13,13,169,1,2,1,1,1014,1.0,1,13,0.9289940828402367,13,2,0.15384615384615385,-2.816161500910531,200
13,1,13,0,2,0,0,78,0.07692307692307693,1,1,0.07692307692307693,1,0,0.0,-0.31702958192020747,200
14,6,84,0,0,1,1,78,0.42857142857142855,7,14,0.9166666666666666,6,0,0.0,-1.1599111964222764,200
14,6,84,0,2,1,1,546,0.42857142857142855,1,14,0.8452380952380952,6,0,0.0,-0.497700441660449,200
13,8,104,1,1,0,0,104,0.6153846153846154,1,13,0.5961538461538461,8,0,0.0,-1.052253360473052,200
13,4,52,1,0,0,1,48,0.3076923076923077,13,13,1.0,4,0,0.0,-2.395072092229444,200
14,20,280,1,0,0,1,260,1.4285714285714286,14,14,1.0,20,0,0.0,-3.4984657616870196,200
13,20,260,1,2,0,0,1560,1.5384615384615385,1,13,0.9538461538461539,20,2,0.1,-2.3559361721527345,200
14,14,196,1,1,0,1,196,1.0,14,14,1.0,14,0,0.0,-3.4871363648120455,200
13,12,156,1,1,0,0,156,0.9230769230769231,1,13,0.7307692307692307,12,0,0.0,-1.2263100637625763,200
14,7,98,1,0,0,1,91,0.5,14,14,1.0,7,0,0.0,-3.4028035539353008,200
14,5,70,0,2,0,0,455,0.35714285714285715,1,14,0.8142857142857143,5,0,0.0,0.4716817060744532,200
14,9,126,1,1,1,1,126,0.6428571428571429,7,14,0.9444444444444444,9,0,0.0,-3.385061535815864,200
14,8,112,0,0,0,1,104,0.5714285714285714,14,14,1.0,8,0,0.0,-1.341445903397816,200
13,13,169,1,0,1,0,156,1.0,1,13,0.5384615384615384,13,0,0.0,-1.923825242022167,200
14,9,126,1,0,1,1,117,0.6428571428571429,7,14,0.9444444444444444,9,0,0.0,-3.069949661989836,200
13,14,182,0,2,0,0,1092,1.0769230769230769,1,13,0.9340659340659341,14,0,0.0,0.28884774750399783,200
13,2,26,1,2,0,0,156,0.15384615384615385,1,13,0.5384615384615384,2,0,0.0,-0.5392267239282482,200
13,6,78,1,0,0,1,72,0.46153846153846156,13,13,1.0,6,0,0.0,-3.3066626011625058,200
14,7,98,1,2,1,1,637,0.5,1,14,0.8673469387755102,7,1,0.14285714285714285,-1.39722556444593,200
13,4,52,1,1,0,1,52,0.3076923076923077,13,13,1.0,4,0,0.0,-2.0287139129040193,200
13,15,195,1,0,1,1,180,1.1538461538461537,7,13,0.9692307692307692,15,0,0.0,-3.110530354554607,200
13,12,156,1,1,1,1,156,0.9230769230769231,6,13,0.9551282051282052,12,0,0.0,-3.139029766674474,200
13,12,156,1,1,0,0,156,0.9230769230769231,1,13,0.7307692307692307,12,0,0.0,-1.1670131736166143,200
14,17,238,0,0,1,0,221,1.2142857142857142,1,14,0.6176470588235294,17,0,0.0,-1.467272350498747,200
13,13,169,0,1,0,0,169,1.0,1,13,0.7514792899408284,13,0,0.0,-1.0365774013268374,200
13,12,156,1,2,1,0,936,0.9230769230769231,1,13,0.9230769230769231,12,1,0.08333333333333333,-2.9387474936746245,200
13,16,208,1,2,0,0,1248,1.2307692307692308,1,13,0.9423076923076923,16,0,0.0,-2.5586132711090794,200
14,1,14,1,1,0,1,14,0.07142857142857142,14,14,1.0,1,0,0.0,-0.1020091216920927,200
13,12,156,1,0,1,0,144,0.9230769230769231,1,12,0.5,12,0,0.0,-2.1077156783466418,200
14,5,70,0,0,1,1,65,0.35714285714285715,7,14,0.9,5,0,0.0,-0.9848669310638745,200
13,13,169,1,1,0,0,169,1.0,1,13,0.7514792899408284,13,0,0.0,-1.4210694082745485,200
13,5,65,1,0,1,0,60,0.38461538461538464,1,5,0.23076923076923078,5,1,0.2,-1.1692983531800825,200
13,11,143,1,2,0,1,858,0.8461538461538461,13,13,1.0,11,0,0.0,-2.47029388192671,200
14,18,252,0,1,0,0,252,1.2857142857142858,1,14,0.8055555555555556,18,0,0.0,-1.2475685526767661,200
13,13,169,0,0,0,0,156,1.0,1,13,0.5384615384615384,13,0,0.0,-0.624681177017754,200
14,8,112,0,0,0,1,104,0.5714285714285714,14,14,1.0,8,0,0.0,-1.3280966872877535,200
13,9,117,0,1,0,1,117,0.6923076923076923,13,13,1.0,9,0,0.0,-0.40160929342084783,200
13,14,182,1,2,1,0,1092,1.0769230769230769,1,13,0.9340659340659341,14,0,0.0,-3.04986733739745,200
14,1,14,0,0,1,1,13,0.07142857142857142,7,7,0.5,1,0,0.0,-0.0592201826906765,200
14,2,28,0,2,1,1,182,0.14285714285714285,1,14,0.5357142857142857,2,0,0.0,-0.2996188318783064,200
13,12,156,1,0,1,0,144,0.9230769230769231,1,12,0.5,12,0,0.0,-1.9987283960129165,200
14,15,210,0,2,1,0,1365,1.0714285714285714,1,14,0.9380952380952381,15,0,0.0,-1.5511945130272684,200
13,18,234,0,0,0,1,216,1.3846153846153846,13,13,1.0,18,0,0.0,-1.918529654219858,200
14,15,210,0,1,0,0,210,1.0714285714285714,1,14,0.7666666666666667,15,0,0.0,-1.140218373706222,200
13,16,208,0,0,0,1,192,1.2307692307692308,13,13,1.0,16,0,0.0,-1.7449922109218268,200
14,13,182,0,2,0,0,1183,0.9285714285714286,1,14,0.9285714285714286,13,0,0.0,0.30210783252958373,200
13,6,78,0,1,0,0,78,0.46153846153846156,1,11,0.46153846153846156,6,0,0.0,-0.7065481177803526,200
14,17,238,0,0,0,1,221,1.2142857142857142,14,14,1.0,17,0,0.0,-1.8979186333235263,200
13,16,208,0,1,1,0,208,1.2307692307692308,12,13,0.9951923076923077,16,0,0.0,-2.6228707602933627,200
14,19,266,1,1,0,1,266,1.3571428571428572,14,14,1.0,19,0,0.0,-3.4481702188845973,200
14,16,224,1,0,0,0,208,1.1428571428571428,1,14,0.59375,16,1,0.0625,-1.0357161745998325,200
13,15,195,0,1,1,1,195,1.1538461538461537,6,13,0.9641025641025641,15,0,0.0,-2.562538541602017,200
14,15,210,0,0,0,1,195,1.0714285714285714,14,14,1.0,15,0,0.0,-1.8728445851216526,200
14,4,56,0,0,0,0,52,0.2857142857142857,1,4,0.17857142857142858,4,0,0.0,-0.4551309395568675,200
14,11,154,0,0,0,0,143,0.7857142857142857,1,11,0.42857142857142855,11,0,0.0,-0.5435334595222501,200
14,9,126,1,1,0,1,126,0.6428571428571429,14,14,1.0,9,0,0.0,-3.526078664033899,200
14,1,14,0,0,0,0,13,0.07142857142857142,1,1,0.07142857142857142,1,0,0.0,-0.34824802528597715,200
13,14,182,0,2,1,0,1092,1.0769230769230769,1,13,0.9340659340659341,14,0,0.0,-1.5240637680229019,200
13,3,39,0,0,0,1,36,0.23076923076923078,13,13,1.0,3,0,0.0,-0.5541341835015855,200
14,17,238,0,0,1,0,221,1.2142857142857142,1,14,0.6176470588235294,17,0,0.0,-1.4593053068095059,200
14,20,280,0,0,1,0,260,1.4285714285714286,1,14,0.675,20,0,0.0,-1.72988361589204,200
14,16,224,1,0,0,0,208,1.1428571428571428,1,14,0.59375,16,0,0.0,-1.055856272715066,200
13,10,130,0,0,1,0,120,0.7692307692307693,1,10,0.4230769230769231,10,0,0.0,-0.8244674585361558,200
13,20,260,0,2,1,0,1560,1.5384615384615385,1,13,0.9538461538461539,20,0,0.0,-2.1133676430575905,200
13,7,91,0,0,0,0,84,0.5384615384615384,1,7,0.3076923076923077,7,0,0.0,-0.546390467324534,200
13,11,143,1,0,1,1,132,0.8461538461538461,7,13,0.958041958041958,11,0,0.0,-3.0982845158945413,200
14,12,168,0,0,0,0,156,0.8571428571428571,1,12,0.4642857142857143,12,0,0.0,-0.6198443556649206,200
13,3,39,0,0,1,0,36,0.23076923076923078,1,3,0.15384615384615385,3,0,0.0,-0.38864912347635144,200
14,5,70,0,2,0,1,455,0.35714285714285715,14,14,1.0,5,0,0.0,0.763414577006517,200
13,8,104,0,1,0,1,104,0.6153846153846154,13,13,1.0,8,0,0.0,-0.43673847534198684,200
14,5,70,1,0,0,0,65,0.35714285714285715,1,5,0.21428571428571427,5,4,0.8,-0.2974167939418955,200
13,5,65,0,0,1,1,60,0.38461538461538464,7,13,0.9076923076923077,5,0,0.0,-0.9533976312412152,200
13,19,247,1,2,1,0,1482,1.4615384615384615,1,13,0.951417004048583,19,1,0.05263157894736842,-3.0140997412364205,200
14,6,84,1,0,0,1,78,0.42857142857142855,14,14,1.0,6,0,0.0,-3.5058671997597197,200
14,5,70,1,1,1,1,70,0.35714285714285715,7,14,0.9,5,0,0.0,-2.548085462619308,200
14,9,126,1,0,0,1,117,0.6428571428571429,14,14,1.0,9,0,0.0,-3.737551059928455,200
14,15,210,1,1,0,1,210,1.0714285714285714,14,14,1.0,15,0,0.0,-3.4246369551774403,200
13,19,247,1,0,0,1,228,1.4615384615384615,13,13,1.0,19,0,0.0,-3.2153286981820663,200
14,18,252,1,0,1,0,234,1.2857142857142858,1,14,0.6388888888888888,18,0,0.0,-3.1215213157381423,200
13,15,195,0,0,1,0,180,1.1538461538461537,1,13,0.6,15,0,0.0,-1.2088836393922127,200
14,7,98,1,1,1,1,98,0.5,7,14,0.9285714285714286,7,0,0.0,-3.3619826971494944,200
14,11,154,0,1,1,0,154,0.7857142857142857,13,14,0.9935064935064936,11,0,0.0,-2.2075906977218316,200
14,17,238,0,2,1,0,1547,1.2142857142857142,1,14,0.9453781512605042,17,0,0.0,-1.7246403234763525,200
13,12,156,1,2,0,1,936,0.9230769230769231,13,13,1.0,12,0,0.0,-2.3271902581063637,200
14,3,42,1,2,0,0,273,0.21428571428571427,1,14,0.6904761904761905,3,1,0.3333333333333333,-0.5582926269036039,200
13,11,143,1,2,1,0,858,0.8461538461538461,1,13,0.916083916083916,11,1,0.09090909090909091,-2.0445223781194013,200
13,9,117,0,1,1,0,117,0.6923076923076923,12,13,0.9914529914529915,9,0,0.0,-1.7672222576622385,200
14,8,112,1,1,0,0,112,0.5714285714285714,1,14,0.5625,8,1,0.125,-0.930062813950141,200
14,17,238,1,0,1,1,221,1.2142857142857142,7,14,0.9705882352941176,17,0,0.0,-3.4042841047259347,200
14,11,154,1,0,1,0,143,0.7857142857142857,1,11,0.42857142857142855,11,0,0.0,-1.3965420917017508,200
14,19,266,0,1,1,0,266,1.3571428571428572,13,14,0.9962406015037594,19,0,0.0,-2.9457445304482963,200
13,1,13,1,2,0,0,78,0.07692307692307693,1,1,0.07692307692307693,1,0,0.0,-0.2963779280162771,200
14,11,154,0,2,0,1,1001,0.7857142857142857,14,14,1.0,11,0,0.0,0.7385955699070956,200
14,3,42,1,0,0,1,39,0.21428571428571427,14,14,1.0,3,0,0.0,-1.3833096947967174,200
13,11,143,1,0,0,1,132,0.8461538461538461,13,13,1.0,11,0,0.0,-3.3415433310908456,200
14,19,266,1,2,0,1,1729,1.3571428571428572,14,14,1.0,19,0,0.0,-3.1658556239906908,200
14,9,126,1,1,0,1,126,0.6428571428571429,14,14,1.0,9,0,0.0,-3.5551262939433936,200
13,17,221,0,1,0,1,221,1.3076923076923077,13,13,1.0,17,0,0.0,-0.4050482295640348,200
13,17,221,1,1,0,0,221,1.3076923076923077,1,13,0.8099547511312217,17,0,0.0,-1.3830190729726577,200
13,16,208,0,0,1,1,192,1.2307692307692308,7,13,0.9711538461538461,16,0,0.0,-2.124458859134356,200
13,19,247,0,2,0,0,1482,1.4615384615384615,1,13,0.951417004048583,19,0,0.0,0.2410388851728752,200
14,19,266,0,2,1,0,1729,1.3571428571428572,1,14,0.9511278195488722,19,0,0.0,-1.9865035715685107,200
14,10,140,0,1,0,1,140,0.7142857142857143,14,14,1.0,10,0,0.0,-0.4566320497916209,200
14,9,126,1,2,0,0,819,0.6428571428571429,1,14,0.8968253968253969,9,1,0.1111111111111111,-1.2701433939164533,200
13,13,169,1,1,1,1,169,1.0,6,13,0.9585798816568047,13,0,0.0,-3.159501346532105,200
13,7,91,1,0,0,0,84,0.5384615384615384,1,7,0.3076923076923077,7,0,0.0,-0.7496669110729359,200
13,11,143,0,1,1,1,143,0.8461538461538461,6,13,0.951048951048951,11,0,0.0,-2.0959850884635096,200
14,6,84,1,0,1,0,78,0.42857142857142855,1,6,0.25,6,0,0.0,-1.1753027646445289,200
13,20,260,1,1,0,1,260,1.5384615384615385,13,13,1.0,20,0,0.0,-3.1183550894271246,200
13,19,247,0,1,1,1,247,1.4615384615384615,6,13,0.97165991902834,19,0,0.0,-2.7380925881099314,200
13,13,169,0,1,1,0,169,1.0,12,13,0.9940828402366864,13,0,0.0,-2.36008043565459,200
14,14,196,0,1,0,1,196,1.0,14,14,1.0,14,0,0.0,-0.5341487956522247,200
13,18,234,1,2,1,1,1404,1.3846153846153846,1,13,0.9487179487179487,18,0,0.0,-2.8459512366319317,200
13,18,234,0,2,1,1,1404,1.3846153846153846,1,13,0.9487179487179487,18,0,0.0,-1.5669511201913113,200
14,19,266,0,1,0,1,266,1.3571428571428572,14,14,1.0,19,0,0.0,-0.5395122812855366,200
14,6,84,0,1,0,0,84,0.42857142857142855,1,11,0.42857142857142855,6,0,0.0,-0.7040896403965353,200
14,6,84,0,0,1,1,78,0.42857142857142855,7,14,0.9166666666666666,6,0,0.0,-1.1727456968309322,200
14,15,210,1,2,0,1,1365,1.0714285714285714,14,14,1.0,15,0,0.0,-3.0598043399328625,200
13,5,65,1,1,1,0,65,0.38461538461538464,12,13,0.9846153846153847,5,0,0.0,-2.381595653264083,200
13,4,52,1,2,0,0,312,0.3076923076923077,1,13,0.7692307692307693,4,0,0.0,-0.9565001548590414,200
14,9,126,1,1,0,1,126,0.6428571428571429,14,14,1.0,9,0,0.0,-3.525857381990265,200
13,1,13,0,1,0,1,13,0.07692307692307693,13,13,1.0,1,0,0.0,0.06177971427324455,200
14,18,252,0,0,0,1,234,1.2857142857142858,14,14,1.0,18,0,0.0,-1.9425041990333478,200
14,20,280,1,0,1,1,260,1.4285714285714286,7,14,0.975,20,0,0.0,-3.4128325755810525,200
14,20,280,1,1,0,0,280,1.4285714285714286,1,14,0.825,20,1,0.05,-1.5164174024214212,200
13,3,39,0,1,1,0,39,0.23076923076923078,12,13,0.9743589743589743,3,0,0.0,-0.5704450226546615,200
13,20,260,0,2,0,1,1560,1.5384615384615385,13,13,1.0,20,0,0.0,0.6671656592080164,200
13,2,26,0,0,0,1,24,0.15384615384615385,13,13,1.0,2,0,0.0,-0.4050711233818216,200
13,8,104,0,2,0,1,624,0.6153846153846154,13,13,1.0,8,0,0.0,0.7263277132495262,200
14,4,56,0,2,0,0,364,0.2857142857142857,1,14,0.7678571428571429,4,0,0.0,0.31316881174000444,200
13,12,156,0,0,1,0,144,0.9230769230769231,1,12,0.5,12,0,0.0,-0.9979355751630751,200
13,19,247,1,1,0,0,247,1.4615384615384615,1,13,0.8299595141700404,19,1,0.05263157894736842,-1.383615747916591,200
14,9,126,1,2,1,0,819,0.6428571428571429,1,14,0.8968253968253969,9,0,0.0,-2.124913194338771,200
14,20,280,0,1,0,0,280,1.4285714285714286,1,14,0.825,20,0,0.0,-1.379270665532229,200
13,1,13,1,1,0,1,13,0.07692307692307693,13,13,1.0,1,0,0.0,0.02303278728185039,200
14,7,98,0,1,1,0,98,0.5,13,14,0.9897959183673469,7,0,0.0,-1.605920681896468,200
13,16,208,1,0,1,1,192,1.2307692307692308,7,13,0.9711538461538461,16,0,0.0,-3.1612177619417525,200
14,7,98,1,1,1,0,98,0.5,13,14,0.9897959183673469,7,0,0.0,-3.329435496869793,200
14,13,182,1,1,0,1,182,0.9285714285714286,14,14,1.0,13,0,0.0,-3.442785540776105,200
14,11,154,0,1,1,1,154,0.7857142857142857,7,14,0.9545454545454546,11,0,0.0,-2.3118240657276976,200
13,12,156,1,0,0,0,144,0.9230769230769231,1,12,0.5,12,0,0.0,-0.9341490246141604,200
14,15,210,1,0,0,0,195,1.0714285714285714,1,14,0.5666666666666667,15,1,0.06666666666666667,-1.1015409046940792,200
14,8,112,0,0,1,0,104,0.5714285714285714,1,8,0.32142857142857145,8,0,0.0,-0.6827933576984426,200
14,12,168,1,1,1,0,168,0.8571428571428571,13,14,0.9940476190476191,12,0,0.0,-3.35826652098453,200
13,19,247,0,0,0,0,228,1.4615384615384615,1,13,0.6842105263157895,19,0,0.0,-0.6787596929570979,200
14,16,224,1,2,1,1,1456,1.1428571428571428,1,14,0.9419642857142857,16,0,0.0,-3.0210223016541993,200
13,17,221,1,2,1,1,1326,1.3076923076923077,1,13,0.9457013574660633,17,0,0.0,-2.8592869754750523,200
14,15,210,1,2,0,1,1365,1.0714285714285714,14,14,1.0,15,0,0.0,-2.659317277004593,200
13,19,247,0,0,0,1,228,1.4615384615384615,13,13,1.0,19,0,0.0,-2.008442345521626,200
13,9,117,0,1,0,0,117,0.6923076923076923,1,13,0.6410256410256411,9,0,0.0,-0.8446497245035406,200
14,3,42,0,2,1,0,273,0.21428571428571427,1,14,0.6904761904761905,3,0,0.0,-0.2969850084960333,200
13,19,247,0,0,0,0,228,1.4615384615384615,1,13,0.6842105263157895,19,0,0.0,-0.6732010258512352,200
13,19,247,0,0,0,0,228,1.4615384615384615,1,13,0.6842105263157895,19,0,0.0,-0.7051876345362077,200
13,1,13,1,0,0,0,12,0.07692307692307693,1,1,0.07692307692307693,1,0,0.0,-0.31297894685651084,200
14,8,112,0,0,0,0,104,0.5714285714285714,1,8,0.32142857142857145,8,0,0.0,-0.5403199399401345,200
14,9,126,1,2,0,0,819,0.6428571428571429,1,14,0.8968253968253969,9,1,0.1111111111111111,-1.398961269444555,200
13,5,65,0,1,1,0,65,0.38461538461538464,12,13,0.9846153846153847,5,0,0.0,-1.0373797916326497,200
14,4,56,0,1,1,0,56,0.2857142857142857,13,14,0.9821428571428571,4,0,0.0,-0.7687938666523986,200
13,2,26,1,2,0,1,156,0.15384615384615385,13,13,1.0,2,0,0.0,0.1225329414397635,200
14,4,56,0,1,0,1,56,0.2857142857142857,14,14,1.0,4,0,0.0,-0.33594263002383284,200
13,11,143,0,2,1,0,858,0.8461538461538461,1,13,0.916083916083916,11,0,0.0,-1.1821811383261385,200
13,5,65,0,0,1,0,60,0.38461538461538464,1,5,0.23076923076923078,5,0,0.0,-0.4667304738362147,200
14,1,14,0,0,1,0,13,0.07142857142857142,1,1,0.07142857142857142,1,0,0.0,-0.2971842170782419,200
13,8,104,0,2,0,1,624,0.6153846153846154,13,13,1.0,8,0,0.0,0.7742225671019775,200
14,10,140,0,2,0,0,910,0.7142857142857143,1,14,0.9071428571428571,10,0,0.0,0.277182312037029,200
14,4,56,0,2,1,1,364,0.2857142857142857,1,14,0.7678571428571429,4,0,0.0,-0.44070321089016096,200
13,9,117,0,2,0,0,702,0.6923076923076923,1,13,0.8974358974358975,9,0,0.0,0.3041415252199561,200
13,18,234,0,0,1,0,216,1.3846153846153846,1,13,0.6666666666666666,18,0,0.0,-1.554936482570587,200
13,20,260,1,2,1,1,1560,1.5384615384615385,1,13,0.9538461538461539,20,0,0.0,-3.1735506457954803,200
14,2,28,0,2,1,1,182,0.14285714285714285,1,14,0.5357142857142857,2,0,0.0,-0.335886387655926,200
14,5,70,0,2,0,0,455,0.35714285714285715,1,14,0.8142857142857143,5,0,0.0,0.4849107961638868,200
14,16,224,0,0,0,0,208,1.1428571428571428,1,14,0.59375,16,0,0.0,-0.6564725871961637,200
14,16,224,0,2,0,0,1456,1.1428571428571428,1,14,0.9419642857142857,16,0,0.0,0.2838359062876057,200
13,16,208,0,2,0,1,1248,1.2307692307692308,13,13,1.0,16,0,0.0,0.6779675665277822,200
13,1,13,1,0,0,1,12,0.07692307692307693,13,13,1.0,1,0,0.0,-0.16267175422575825,200
13,7,91,1,0,1,1,84,0.5384615384615384,7,13,0.9340659340659341,7,0,0.0,-2.8819149406844518,200
13,10,130,1,1,1,1,130,0.7692307692307693,6,13,0.9461538461538461,10,0,0.0,-3.1390722090136554,200
13,12,156,1,1,0,0,156,0.9230769230769231,1,13,0.7307692307692307,12,0,0.0,-1.3298982544963607,200
14,12,168,0,2,1,0,1092,0.8571428571428571,1,14,0.9226190476190477,12,0,0.0,-1.2945458350372319,200
14,17,238,1,0,1,0,221,1.2142857142857142,1,14,0.6176470588235294,17,2,0.11764705882352941,-2.171881367831751,200
14,15,210,1,2,0,0,1365,1.0714285714285714,1,14,0.9380952380952381,15,1,0.06666666666666667,-2.4015458944258654,200
13,2,26,1,0,0,1,24,0.15384615384615385,13,13,1.0,2,0,0.0,-0.5994081743588515,200
13,17,221,0,0,0,0,204,1.3076923076923077,1,13,0.6470588235294118,17,0,0.0,-0.6228743533885769,200
14,7,98,1,0,0,0,91,0.5,1,7,0.2857142857142857,7,0,0.0,-0.677482086468785,200
14,8,112,0,1,0,1,112,0.5714285714285714,14,14,1.0,8,0,0.0,-0.4920335823919211,200
14,1,14,0,1,0,1,14,0.07142857142857142,14,14,1.0,1,0,0.0,-0.06965333925930915,200
13,7,91,0,0,1,1,84,0.5384615384615384,7,13,0.9340659340659341,7,0,0.0,-1.2241738732021958,200
13,6,78,0,0,0,1,72,0.46153846153846156,13,13,1.0,6,0,0.0,-1.1544900941557161,200
13,7,91,0,1,0,0,91,0.5384615384615384,1,13,0.5384615384615384,7,0,0.0,-0.7044200290391371,200
14,9,126,1,0,1,0,117,0.6428571428571429,1,9,0.35714285714285715,9,1,0.1111111111111111,-1.3220769234238052,200
14,16,224,0,1,0,0,224,1.1428571428571428,1,14,0.78125,16,0,0.0,-1.2180091009542346,200
13,1,13,1,0,1,0,12,0.07692307692307693,1,1,0.07692307692307693,1,0,0.0,-0.3092237403038959,200
13,16,208,0,2,1,1,1248,1.2307692307692308,1,13,0.9423076923076923,16,0,0.0,-1.350380643652837,200
13,17,221,1,1,1,1,221,1.3076923076923077,6,13,0.9683257918552036,17,0,0.0,-3.1448754822900433,200
14,16,224,0,1,0,1,224,1.1428571428571428,14,14,1.0,16,0,0.0,-0.4501211861978321,200
13,7,91,1,0,1,0,84,0.5384615384615384,1,7,0.3076923076923077,7,0,0.0,-1.2565051154814781,200
13,4,52,1,1,0,1,52,0.3076923076923077,13,13,1.0,4,0,0.0,-1.9925186527611596,200
13,15,195,1,2,0,1,1170,1.1538461538461537,13,13,1.0,15,0,0.0,-2.7709407826425214,200
13,12,156,1,1,1,0,156,0.9230769230769231,12,13,0.9935897435897436,12,0,0.0,-3.1165180611427754,200
13,3,39,1,2,0,1,234,0.23076923076923078,13,13,1.0,3,0,0.0,-0.46976550061702405,200
14,11,154,1,1,0,0,154,0.7857142857142857,1,14,0.6818181818181818,11,1,0.09090909090909091,-0.9789408159464454,200
13,5,65,1,1,0,1,65,0.38461538461538464,13,13,1.0,5,0,0.0,-3.4401696707831095,200
13,18,234,1,1,1,1,234,1.3846153846153846,6,13,0.9700854700854701,18,0,0.0,-3.143651644299118,200
14,11,154,1,2,0,0,1001,0.7857142857142857,1,14,0.9155844155844156,11,0,0.0,-1.9748086261368758,200
14,2,28,0,1,1,1,28,0.14285714285714285,7,14,0.75,2,0,0.0,-0.46663902053762224,200
14,19,266,1,2,1,0,1729,1.3571428571428572,1,14,0.9511278195488722,19,0,0.0,-3.392210848553311,200
14,3,42,0,1,1,0,42,0.21428571428571427,13,14,0.9761904761904762,3,0,0.0,-0.6133158120087845,200
13,10,130,0,0,1,0,120,0.7692307692307693,1,10,0.4230769230769231,10,0,0.0,-0.8363936379432283,200
14,10,140,1,0,1,1,130,0.7142857142857143,7,14,0.95,10,0,0.0,-3.322677362585279,200
13,10,130,1,2,0,0,780,0.7692307692307693,1,13,0.9076923076923077,10,0,0.0,-1.659717069933894,200
14,8,112,1,0,0,0,104,0.5714285714285714,1,8,0.32142857142857145,8,0,0.0,-0.8360944753745467,200
14,9,126,0,0,0,1,117,0.6428571428571429,14,14,1.0,9,0,0.0,-1.5595457368507282,200
13,13,169,0,1,1,0,169,1.0,12,13,0.9940828402366864,13,0,0.0,-2.357608872659923,200
13,6,78,1,2,0,0,468,0.46153846153846156,1,13,0.8461538461538461,6,0,0.0,-1.0161931636707726,200
14,17,238,1,0,0,0,221,1.2142857142857142,1,14,0.6176470588235294,17,0,0.0,-0.968541793689746,200
13,2,26,0,1,0,1,26,0.15384615384615385,13,13,1.0,2,0,0.0,-0.2562035761641647,200
14,16,224,0,1,1,0,224,1.1428571428571428,13,14,0.9955357142857143,16,0,0.0,-2.8475821190279853,200
14,20,280,0,1,1,1,280,1.4285714285714286,7,14,0.975,20,0,0.0,-2.985440791819967,200
13,12,156,0,2,0,1,936,0.9230769230769231,13,13,1.0,12,0,0.0,0.7039093354295924,200
13,9,117,1,2,0,1,702,0.6923076923076923,13,13,1.0,9,0,0.0,-1.995939262496969,200
13,16,208,0,0,0,0,192,1.2307692307692308,1,13,0.625,16,0,0.0,-0.6528812533856915,200
14,20,280,0,1,1,1,280,1.4285714285714286,7,14,0.975,20,0,0.0,-3.0015724393104675,200
13,15,195,0,0,1,1,180,1.1538461538461537,7,13,0.9692307692307692,15,0,0.0,-2.1202989207175085,200
14,14,196,0,0,0,0,182,1.0,1,14,0.5357142857142857,14,0,0.0,-0.6559785646637075,200
14,12,168,1,0,1,0,156,0.8571428571428571,1,12,0.4642857142857143,12,0,0.0,-1.8106417197919955,200
14,9,126,1,0,0,0,117,0.6428571428571429,1,9,0.35714285714285715,9,0,0.0,-0.8464637342928027,200
14,10,140,1,2,1,0,910,0.7142857142857143,1,14,0.9071428571428571,10,1,0.1,-2.662114689658618,200
14,10,140,1,2,1,1,910,0.7142857142857143,1,14,0.9071428571428571,10,0,0.0,-1.6014237716446464,200
14,12,168,0,0,0,1,156,0.8571428571428571,14,14,1.0,12,0,0.0,-1.7195587272496968,200
13,17,221,0,0,0,0,204,1.3076923076923077,1,13,0.6470588235294118,17,0,0.0,-0.6485685803392457,200
13,9,117,1,2,1,1,702,0.6923076923076923,1,13,0.8974358974358975,9,1,0.1111111111111111,-1.6140263552773753,200
13,2,26,1,2,1,1,156,0.15384615384615385,1,13,0.5384615384615384,2,2,1.0,nan,200
14,17,238,1,0,1,0,221,1.2142857142857142,1,14,0.6176470588235294,17,2,0.11764705882352941,-2.343583823830217,200
13,5,65,0,0,0,1,60,0.38461538461538464,13,13,1.0,5,0,0.0,-1.060691670496975,200
14,14,196,0,2,1,0,1274,1.0,1,14,0.9336734693877551,14,0,0.0,-1.4893174539006402,200
14,3,42,0,1,0,1,42,0.21428571428571427,14,14,1.0,3,0,0.0,-0.3485230588177666,200
14,20,280,0,1,0,0,280,1.4285714285714286,1,14,0.825,20,0,0.0,-1.390485908260237,200
14,13,182,1,1,0,1,182,0.9285714285714286,14,14,1.0,13,0,0.0,-3.47462538105826,200
14,9,126,1,0,0,1,117,0.6428571428571429,14,14,1.0,9,0,0.0,-3.587027418042444,200
13,9,117,0,2,0,1,702,0.6923076923076923,13,13,1.0,9,0,0.0,0.7245182644421411,200
13,7,91,0,2,0,1,546,0.5384615384615384,13,13,1.0,7,0,0.0,0.7379871413061433,200
13,5,65,1,2,1,1,390,0.38461538461538464,1,13,0.8153846153846154,5,0,0.0,-0.8289900407250055,200
13,6,78,1,0,1,0,72,0.46153846153846156,1,6,0.2692307692307692,6,5,0.8333333333333334,-0.34861889989780387,200
13,17,221,0,1,1,0,221,1.3076923076923077,12,13,0.995475113122172,17,0,0.0,-2.6480340732853658,200
14,11,154,1,0,0,1,143,0.7857142857142857,14,14,1.0,11,0,0.0,-3.645289833604283,200
14,9,126,0,2,1,0,819,0.6428571428571429,1,14,0.8968253968253969,9,0,0.0,-1.0296314822256547,200
14,7,98,0,2,0,1,637,0.5,14,14,1.0,7,0,0.0,0.68924467217496,200
14,2,28,1,2,1,1,182,0.14285714285714285,1,14,0.5357142857142857,2,0,0.0,-0.5982930402884117,200
13,7,91,0,0,1,1,84,0.5384615384615384,7,13,0.9340659340659341,7,0,0.0,-1.2923624413848311,200
13,17,221,0,0,1,1,204,1.3076923076923077,7,13,0.9728506787330317,17,0,0.0,-2.297502449509722,200
14,15,210,0,1,0,0,210,1.0714285714285714,1,14,0.7666666666666667,15,0,0.0,-1.0159743352444341,200
14,20,280,1,0,0,1,260,1.4285714285714286,14,14,1.0,20,0,0.0,-3.439774147750934,200
13,11,143,1,0,1,1,132,0.8461538461538461,7,13,0.958041958041958,11,0,0.0,-3.1318838006892618,200
13,3,39,1,1,0,0,39,0.23076923076923078,1,5,0.23076923076923078,3,1,0.3333333333333333,-0.5950139997118913,200
14,17,238,1,2,0,0,1547,1.2142857142857142,1,14,0.9453781512605042,17,0,0.0,-2.3561135231646664,200
13,13,169,1,0,0,1,156,1.0,13,13,1.0,13,0,0.0,-3.221355830930536,200
14,20,280,0,0,0,1,260,1.4285714285714286,14,14,1.0,20,0,0.0,-1.9602831680403372,200
13,17,221,0,0,0,0,204,1.3076923076923077,1,13,0.6470588235294118,17,0,0.0,-0.6695478779676517,200
13,1,13,1,2,0,1,78,0.07692307692307693,13,13,1.0,1,0,0.0,-0.0812132436775008,200
13,10,130,1,0,1,1,120,0.7692307692307693,7,13,0.9538461538461539,10,0,0.0,-3.0934686026030844,200
13,18,234,1,2,0,1,1404,1.3846153846153846,13,13,1.0,18,0,0.0,-2.924742183162256,200
14,13,182,1,2,1,1,1183,0.9285714285714286,1,14,0.9285714285714286,13,0,0.0,-2.200029282955678,200
13,11,143,1,1,1,1,143,0.8461538461538461,6,13,0.951048951048951,11,0,0.0,-3.153473882146581,200
14,12,168,1,1,1,1,168,0.8571428571428571,7,14,0.9583333333333334,12,0,0.0,-3.400711686636716,200
13,3,39,1,0,1,1,36,0.23076923076923078,7,13,0.8461538461538461,3,0,0.0,-1.377463946301101,200
14,11,154,0,0,0,1,143,0.7857142857142857,14,14,1.0,11,0,0.0,-1.733218333965829,200
14,8,112,0,1,0,1,112,0.5714285714285714,14,14,1.0,8,0,0.0,-0.5125598495608644,200
14,19,266,0,2,1,1,1729,1.3571428571428572,1,14,0.9511278195488722,19,0,0.0,-1.653932815620192,200
14,4,56,1,1,0,1,56,0.2857142857142857,14,14,1.0,4,0,0.0,-2.6008616035357797,200
13,1,13,0,0,1,1,12,0.07692307692307693,7,7,0.5384615384615384,1,0,0.0,-0.08020560682871192,200
14,19,266,0,1,1,0,266,1.3571428571428572,13,14,0.9962406015037594,19,0,0.0,-2.944462832863452,200
13,1,13,1,1,1,0,13,0.07692307692307693,12,12,0.9230769230769231,1,0,0.0,-0.0414063380231716,200
14,8,112,1,0,1,0,104,0.5714285714285714,1,8,0.32142857142857145,8,0,0.0,-1.3918662876381152,200
13,6,78,1,1,0,1,78,0.46153846153846156,13,13,1.0,6,0,0.0,-3.256164888142091,200
13,10,130,1,0,1,0,120,0.7692307692307693,1,10,0.4230769230769231,10,0,0.0,-1.7216284844718066,200
13,4,52,0,0,1,0,48,0.3076923076923077,1,4,0.19230769230769232,4,0,0.0,-0.42566345905374825,200
14,3,42,1,1,0,1,42,0.21428571428571427,14,14,1.0,3,0,0.0,-1.572700735226345,200
13,2,26,0,0,0,0,24,0.15384615384615385,1,2,0.11538461538461539,2,0,0.0,-0.38633658000047655,200
13,10,130,0,0,1,1,120,0.7692307692307693,7,13,0.9538461538461539,10,0,0.0,-1.6886976080489078,200
14,17,238,0,1,1,0,238,1.2142857142857142,13,14,0.9957983193277311,17,0,0.0,-2.858966908483605,200
13,17,221,0,0,1,1,204,1.3076923076923077,7,13,0.9728506787330317,17,0,0.0,-2.305757936794743,200
13,17,221,0,1,1,0,221,1.3076923076923077,12,13,0.995475113122172,17,0,0.0,-2.6681717613782263,200
13,13,169,0,2,1,0,1014,1.0,1,13,0.9289940828402367,13,0,0.0,-1.3816089707146968,200
14,16,224,1,2,0,1,1456,1.1428571428571428,14,14,1.0,16,0,0.0,-3.1491991333280573,200
14,6,84,1,0,1,1,78,0.42857142857142855,7,14,0.9166666666666666,6,0,0.0,-2.58013227202851,200
13,13,169,1,0,1,1,156,1.0,7,13,0.9644970414201184,13,0,0.0,-3.128654038279087,200
13,16,208,0,1,0,0,208,1.2307692307692308,1,13,0.7980769230769231,16,0,0.0,-1.1245699007128966,200
14,13,182,0,2,0,0,1183,0.9285714285714286,1,14,0.9285714285714286,13,0,0.0,0.27217577580210695,200
13,20,260,1,0,0,0,240,1.5384615384615385,1,13,0.7,20,0,0.0,-1.1125985342021505,200
14,9,126,0,1,0,0,126,0.6428571428571429,1,14,0.6111111111111112,9,0,0.0,-0.8390523828039604,200
14,8,112,0,0,0,0,104,0.5714285714285714,1,8,0.32142857142857145,8,0,0.0,-0.5292387528386853,200
14,17,238,0,1,1,1,238,1.2142857142857142,7,14,0.9705882352941176,17,0,0.0,-2.9140655074787376,200
14,16,224,0,1,0,1,224,1.1428571428571428,14,14,1.0,16,0,0.0,-0.5140766589369675,200
14,7,98,1,1,0,0,98,0.5,1,13,0.5,7,0,0.0,-0.8350334032850096,200
14,3,42,1,1,1,0,42,0.21428571428571427,13,14,0.9761904761904762,3,0,0.0,-1.455773849167965,200
14,4,56,1,0,0,1,52,0.2857142857142857,14,14,1.0,4,0,0.0,-2.1575962674583433,200
14,8,112,0,2,0,1,728,0.5714285714285714,14,14,1.0,8,0,0.0,0.7477655891444518,200
14,18,252,0,0,0,0,234,1.2857142857142858,1,14,0.6388888888888888,18,0,0.0,-0.6722354378483526,200
14,10,140,1,1,1,0,140,0.7142857142857143,13,14,0.9928571428571429,10,0,0.0,-3.3757973892026922,200
13,13,169,1,2,1,0,1014,1.0,1,13,0.9289940828402367,13,0,0.0,-2.7879361494069235,200
14,18,252,1,0,1,0,234,1.2857142857142858,1,14,0.6388888888888888,18,0,0.0,-2.8115438595225357,200
13,2,26,0,0,0,0,24,0.15384615384615385,1,2,0.11538461538461539,2,0,0.0,-0.36607308982829356,200
13,10,130,1,0,0,0,120,0.7692307692307693,1,10,0.4230769230769231,10,1,0.1,-0.9001354367079208,200
13,4,52,1,0,0,1,48,0.3076923076923077,13,13,1.0,4,0,0.0,-1.8447483138468954,200
13,8,104,1,1,0,1,104,0.6153846153846154,13,13,1.0,8,0,0.0,-3.4224722745179954,200
13,5,65,0,1,0,1,65,0.38461538461538464,13,13,1.0,5,0,0.0,-0.4056354917123577,200
13,7,91,1,0,1,0,84,0.5384615384615384,1,7,0.3076923076923077,7,0,0.0,-1.0811234460811727,200
13,1,13,1,0,1,0,12,0.07692307692307693,1,1,0.07692307692307693,1,1,1.0,nan,200
13,2,26,0,2,0,0,156,0.15384615384615385,1,13,0.5384615384615384,2,0,0.0,-0.5338294756805833,200
13,12,156,1,2,1,0,936,0.9230769230769231,1,13,0.9230769230769231,12,0,0.0,-2.2839802449110373,200
14,6,84,1,0,1,1,78,0.42857142857142855,7,14,0.9166666666666666,6,0,0.0,-2.6991841104711916,200
14,4,56,0,0,1,1,52,0.2857142857142857,7,14,0.875,4,0,0.0,-0.8901159537672567,200
13,15,195,0,0,1,1,180,1.1538461538461537,7,13,0.9692307692307692,15,0,0.0,-2.1516556372452293,200
13,17,221,1,0,0,0,204,1.3076923076923077,1,13,0.6470588235294118,17,0,0.0,-1.0234975319240824,200
13,20,260,1,2,0,0,1560,1.5384615384615385,1,13,0.9538461538461539,20,0,0.0,-3.0068921243024667,200
14,13,182,1,0,1,0,169,0.9285714285714286,1,13,0.5,13,0,0.0,-2.2070794753062732,200
14,5,70,1,1,0,1,70,0.35714285714285715,14,14,1.0,5,0,0.0,-2.5376104714180636,200
14,9,126,1,0,0,0,117,0.6428571428571429,1,9,0.35714285714285715,9,0,0.0,-0.792127839390439,200
13,2,26,0,1,0,1,26,0.15384615384615385,13,13,1.0,2,0,0.0,-0.23866743296086895,200
14,15,210,1,2,0,0,1365,1.0714285714285714,1,14,0.9380952380952381,15,0,0.0,-2.564705776975717,200
13,3,39,0,1,1,0,39,0.23076923076923078,12,13,0.9743589743589743,3,0,0.0,-0.6930352475015736,200
13,18,234,1,0,0,1,216,1.3846153846153846,13,13,1.0,18,0,0.0,-3.1881614555512923,200
13,1,13,1,0,1,0,12,0.07692307692307693,1,1,0.07692307692307693,1,1,1.0,nan,200
13,15,195,0,2,1,0,1170,1.1538461538461537,1,13,0.9384615384615385,15,0,0.0,-1.5073637342538533,200
14,1,14,1,1,0,1,14,0.07142857142857142,14,14,1.0,1,0,0.0,-0.09339449854795812,200
13,6,78,0,0,1,1,72,0.46153846153846156,7,13,0.9230769230769231,6,0,0.0,-1.196973711291503,200
13,10,130,0,0,0,0,120,0.7692307692307693,1,10,0.4230769230769231,10,0,0.0,-0.5894754868775973,200
14,14,196,1,1,0,0,196,1.0,1,14,0.75,14,0,0.0,-1.4237910940115803,200
14,3,42,0,2,1,0,273,0.21428571428571427,1,14,0.6904761904761905,3,0,0.0,-0.39741642985420045,200
13,13,169,1,2,1,1,1014,1.0,1,13,0.9289940828402367,13,0,0.0,-2.374528743061906,200
13,7,91,0,2,1,0,546,0.5384615384615384,1,13,0.8681318681318682,7,0,0.0,-0.7633194328729054,200
14,15,210,1,1,0,1,210,1.0714285714285714,14,14,1.0,15,0,0.0,-3.488392165646448,200
14,20,280,0,1,0,0,280,1.4285714285714286,1,14,0.825,20,0,0.0,-1.2042762592572096,200
14,9,126,0,1,0,1,126,0.6428571428571429,14,14,1.0,9,0,0.0,-0.4746861621637915,200
14,2,28,0,2,1,1,182,0.14285714285714285,1,14,0.5357142857142857,2,0,0.0,-0.36707405850742114,200
13,17,221,0,1,1,0,221,1.3076923076923077,12,13,0.995475113122172,17,0,0.0,-2.6551152064793793,200
13,17,221,0,2,1,1,1326,1.3076923076923077,1,13,0.9457013574660633,17,0,0.0,-1.4965640602688015,200
13,10,130,0,2,1,1,780,0.7692307692307693,1,13,0.9076923076923077,10,0,0.0,-0.8098632890728679,200
14,1,14,1,0,0,0,13,0.07142857142857142,1,1,0.07142857142857142,1,0,0.0,-0.2979991995308944,200
13,20,260,0,0,0,1,240,1.5384615384615385,13,13,1.0,20,0,0.0,-1.9055735291510272,200
14,19,266,0,1,0,0,266,1.3571428571428572,1,14,0.8157894736842105,19,0,0.0,-1.253141786428737,200
13,16,208,1,2,1,0,1248,1.2307692307692308,1,13,0.9423076923076923,16,1,0.0625,-3.0607564052871212,200
14,10,140,1,2,1,1,910,0.7142857142857143,1,14,0.9071428571428571,10,1,0.1,-1.8304855112748792,200
13,13,169,1,1,0,1,169,1.0,13,13,1.0,13,0,0.0,-3.2177376391127446,200
13,10,130,0,0,0,0,120,0.7692307692307693,1,10,0.4230769230769231,10,0,0.0,-0.5681865783227433,200
13,20,260,0,2,0,1,1560,1.5384615384615385,13,13,1.0,20,0,0.0,0.6955676272753876,200
13,1,13,1,0,0,1,12,0.07692307692307693,13,13,1.0,1,0,0.0,0.017000455869478733,200
14,4,56,0,0,0,0,52,0.2857142857142857,1,4,0.17857142857142858,4,0,0.0,-0.5029020440088946,200
13,7,91,1,2,1,1,546,0.5384615384615384,1,13,0.8681318681318682,7,1,0.14285714285714285,-1.4358738945214582,200
13,5,65,1,0,1,1,60,0.38461538461538464,7,13,0.9076923076923077,5,0,0.0,-2.1628490390591737,200
14,6,84,0,2,1,1,546,0.42857142857142855,1,14,0.8452380952380952,6,0,0.0,-0.554728044772973,200
14,1,14,0,2,0,1,91,0.07142857142857142,14,14,1.0,1,0,0.0,0.10662590119524482,200
14,5,70,1,1,0,0,70,0.35714285714285715,1,9,0.35714285714285715,5,0,0.0,-0.8610305829485766,200
14,9,126,1,2,0,0,819,0.6428571428571429,1,14,0.8968253968253969,9,0,0.0,-1.59972254464517,200
14,20,280,1,0,0,1,260,1.4285714285714286,14,14,1.0,20,0,0.0,-3.4877482992781723,200
14,10,140,0,2,1,0,910,0.7142857142857143,1,14,0.9071428571428571,10,0,0.0,-1.0991982633957125,200
14,9,126,0,2,1,0,819,0.6428571428571429,1,14,0.8968253968253969,9,0,0.0,-1.0187583423003423,200
14,14,196,0,2,1,0,1274,1.0,1,14,0.9336734693877551,14,0,0.0,-1.510266015836603,200
13,4,52,1,1,1,1,52,0.3076923076923077,6,13,0.8653846153846154,4,0,0.0,-1.8807627076385642,200
14,18,252,1,0,0,1,234,1.2857142857142858,14,14,1.0,18,0,0.0,-3.4649541455376704,200
13,17,221,0,1,0,1,221,1.3076923076923077,13,13,1.0,17,0,0.0,-0.3632236549120059,200
14,15,210,1,1,1,0,210,1.0714285714285714,13,14,0.9952380952380953,15,0,0.0,-3.3579318307389006,200
13,2,26,0,0,0,1,24,0.15384615384615385,13,13,1.0,2,0,0.0,-0.3136106466903559,200
13,14,182,0,0,0,1,168,1.0769230769230769,13,13,1.0,14,0,0.0,-1.6971406374955997,200
14,6,84,0,1,0,1,84,0.42857142857142855,14,14,1.0,6,0,0.0,-0.5134211012132522,200
14,1,14,1,1,1,0,14,0.07142857142857142,13,13,0.9285714285714286,1,0,0.0,-0.0023249732488588868,200
14,12,168,0,1,0,1,168,0.8571428571428571,14,14,1.0,12,0,0.0,-0.5031393752588198,200
13,2,26,0,0,0,1,24,0.15384615384615385,13,13,1.0,2,0,0.0,-0.44520065840175904,200
13,13,169,0,0,1,0,156,1.0,1,13,0.5384615384615384,13,0,0.0,-1.1009505910523731,200
14,3,42,1,0,0,1,39,0.21428571428571427,14,14,1.0,3,0,0.0,-1.2567690411387897,200
14,13,182,0,2,1,1,1183,0.9285714285714286,1,14,0.9285714285714286,13,0,0.0,-1.0976516774470229,200
14,19,266,1,1,0,1,266,1.3571428571428572,14,14,1.0,19,0,0.0,-3.3902230829851505,200
14,3,42,1,0,1,1,39,0.21428571428571427,7,14,0.8333333333333334,3,0,0.0,-1.2917641458096236,200
13,12,156,1,2,1,1,936,0.9230769230769231,1,13,0.9230769230769231,12,0,0.0,-1.8157730744062306,200
14,6,84,1,1,1,0,84,0.42857142857142855,13,14,0.9880952380952381,6,0,0.0,-2.831192601566483,200
13,4,52,0,0,1,1,48,0.3076923076923077,7,13,0.8846153846153846,4,0,0.0,-0.8426018677315475,200
14,20,280,0,2,1,1,1820,1.4285714285714286,1,14,0.9535714285714286,20,0,0.0,-1.7631561483692246,200
13,8,104,1,0,0,1,96,0.6153846153846154,13,13,1.0,8,0,0.0,-3.5254447984080097,200
14,12,168,1,1,1,1,168,0.8571428571428571,7,14,0.9583333333333334,12,0,0.0,-3.4039659356041314,200
14,4,56,1,2,1,1,364,0.2857142857142857,1,14,0.7678571428571429,4,1,0.25,-0.8371354362753762,200
14,7,98,0,0,1,0,91,0.5,1,7,0.2857142857142857,7,0,0.0,-0.6064579280458243,200
13,8,104,1,2,0,0,624,0.6153846153846154,1,13,0.8846153846153846,8,0,0.0,-1.354945980038401,200
13,13,169,1,0,1,0,156,1.0,1,13,0.5384615384615384,13,0,0.0,-1.949929619572956,200
13,13,169,1,1,0,0,169,1.0,1,13,0.7514792899408284,13,1,0.07692307692307693,-1.2397882262357895,200
13,14,182,0,1,0,1,182,1.0769230769230769,13,13,1.0,14,0,0.0,-0.3356203170704736,200
14,2,28,0,2,1,0,182,0.14285714285714285,1,14,0.5357142857142857,2,0,0.0,-0.2142543855037056,200
14,3,42,1,2,0,1,273,0.21428571428571427,14,14,1.0,3,0,0.0,-0.4496540986764588,200
13,9,117,1,2,1,1,702,0.6923076923076923,1,13,0.8974358974358975,9,0,0.0,-1.4370481199706315,200
13,5,65,1,2,0,0,390,0.38461538461538464,1,13,0.8153846153846154,5,0,0.0,-0.8602240437673355,200
13,7,91,1,0,1,0,84,0.5384615384615384,1,7,0.3076923076923077,7,0,0.0,-1.108976967788068,200
14,12,168,0,2,1,0,1092,0.8571428571428571,1,14,0.9226190476190477,12,0,0.0,-1.3089827039811417,200
13,9,117,1,1,1,0,117,0.6923076923076923,12,13,0.9914529914529915,9,0,0.0,-3.034071963164607,200
13,6,78,0,1,0,0,78,0.46153846153846156,1,11,0.46153846153846156,6,0,0.0,-0.7328655530950022,200
13,6,78,1,1,0,0,78,0.46153846153846156,1,11,0.46153846153846156,6,0,0.0,-0.9305900504244969,200
14,10,140,0,0,1,1,130,0.7142857142857143,7,14,0.95,10,0,0.0,-1.7260142715819484,200
14,10,140,0,1,1,0,140,0.7142857142857143,13,14,0.9928571428571429,10,0,0.0,-2.061910880440405,200
13,11,143,1,0,0,1,132,0.8461538461538461,13,13,1.0,11,0,0.0,-3.3181363531273065,200
14,11,154,0,1,0,0,154,0.7857142857142857,1,14,0.6818181818181818,11,0,0.0,-0.9849021966541983,200
14,17,238,0,1,0,1,238,1.2142857142857142,14,14,1.0,17,0,0.0,-0.505599965129018,200
13,8,104,1,2,0,0,624,0.6153846153846154,1,13,0.8846153846153846,8,0,0.0,-1.283035424895281,200
14,18,252,1,0,0,1,234,1.2857142857142858,14,14,1.0,18,0,0.0,-3.4650668004726093,200
13,2,26,0,2,0,0,156,0.15384615384615385,1,13,0.5384615384615384,2,0,0.0,-0.5613939306236673,200
13,20,260,0,2,1,1,1560,1.5384615384615385,1,13,0.9538461538461539,20,0,0.0,-1.7344337245281145,200
13,14,182,1,1,1,1,182,1.0769230769230769,6,13,0.9615384615384616,14,0,0.0,-3.1318121253709608,200
14,8,112,0,0,1,0,104,0.5714285714285714,1,8,0.32142857142857145,8,0,0.0,-0.6415842866238265,200
13,3,39,1,0,0,0,36,0.23076923076923078,1,3,0.15384615384615385,3,2,0.6666666666666666,-0.27739775340230016,200
14,2,28,1,1,0,1,28,0.14285714285714285,14,14,1.0,2,0,0.0,-0.6088663987880264,200
14,17,238,1,1,1,0,238,1.2142857142857142,13,14,0.9957983193277311,17,0,0.0,-3.3628090486883866,200
14,17,238,0,2,0,1,1547,1.2142857142857142,14,14,1.0,17,0,0.0,0.6661181349782271,200
14,19,266,1,1,0,0,266,1.3571428571428572,1,14,0.8157894736842105,19,0,0.0,-1.6538215861420489,200
13,8,104,1,0,0,1,96,0.6153846153846154,13,13,1.0,8,0,0.0,-3.40613786169758,200
13,12,156,1,2,1,1,936,0.9230769230769231,1,13,0.9230769230769231,12,2,0.16666666666666666,-2.187987668201699,200
14,2,28,0,0,1,1,26,0.14285714285714285,7,14,0.75,2,0,0.0,-0.4807193315932302,200
14,3,42,0,2,1,1,273,0.21428571428571427,1,14,0.6904761904761905,3,0,0.0,-0.4152418796818517,200
13,14,182,1,1,0,0,182,1.0769230769230769,1,13,0.7692307692307693,14,1,0.07142857142857142,-1.3555581921503335,200
13,9,117,1,2,1,0,702,0.6923076923076923,1,13,0.8974358974358975,9,0,0.0,-1.7174457805774757,200
13,12,156,0,0,1,1,144,0.9230769230769231,7,13,0.9615384615384616,12,0,0.0,-1.8599514596515414,200
14,20,280,1,2,1,1,1820,1.4285714285714286,1,14,0.9535714285714286,20,1,0.05,-3.392069162193525,200
14,15,210,0,0,0,0,195,1.0714285714285714,1,14,0.5666666666666667,15,0,0.0,-0.6622822990165481,200
14,7,98,0,1,0,1,98,0.5,14,14,1.0,7,0,0.0,-0.37460718718872876,200
13,4,52,0,0,0,1,48,0.3076923076923077,13,13,1.0,4,0,0.0,-0.829301490213505,200
14,14,196,0,2,1,0,1274,1.0,1,14,0.9336734693877551,14,0,0.0,-1.5337476340147354,200
13,9,117,1,0,1,0,108,0.6923076923076923,1,9,0.38461538461538464,9,0,0.0,-1.4522513130543453,200
14,6,84,0,0,1,0,78,0.42857142857142855,1,6,0.25,6,0,0.0,-0.5285196519473169,200
14,19,266,1,2,0,0,1729,1.3571428571428572,1,14,0.9511278195488722,19,4,0.21052631578947367,-2.623770785298714,200
13,11,143,0,0,1,0,132,0.8461538461538461,1,11,0.46153846153846156,11,0,0.0,-0.9180471784539932,200
13,9,117,1,1,0,1,117,0.6923076923076923,13,13,1.0,9,0,0.0,-3.369283498765005,200
13,18,234,1,2,0,1,1404,1.3846153846153846,13,13,1.0,18,0,0.0,-2.983368029073419,200
13,8,104,1,2,1,0,624,0.6153846153846154,1,13,0.8846153846153846,8,0,0.0,-1.9270483498099682,200
14,6,84,0,0,0,0,78,0.42857142857142855,1,6,0.25,6,0,0.0,-0.4946457907696504,200
13,13,169,0,2,0,1,1014,1.0,13,13,1.0,13,0,0.0,0.697899084090809,200
14,20,280,1,0,1,0,260,1.4285714285714286,1,14,0.675,20,0,0.0,-2.5605612851451705,200
13,16,208,1,0,1,1,192,1.2307692307692308,7,13,0.9711538461538461,16,0,0.0,-3.1322392689246024,200
13,13,169,1,1,1,0,169,1.0,12,13,0.9940828402366864,13,0,0.0,-3.1160021861394624,200
14,20,280,0,1,0,1,280,1.4285714285714286,14,14,1.0,20,0,0.0,-0.48388362711144056,200
14,19,266,0,2,0,0,1729,1.3571428571428572,1,14,0.9511278195488722,19,0,0.0,0.2559039132024637,200
14,3,42,0,1,1,1,42,0.21428571428571427,7,14,0.8333333333333334,3,0,0.0,-0.6860663715430598,200
14,2,28,0,0,0,1,26,0.14285714285714285,14,14,1.0,2,0,0.0,-0.49304393227702614,200
13,19,247,0,0,1,1,228,1.4615384615384615,7,13,0.9757085020242915,19,0,0.0,-2.4419766619257426,200
14,15,210,0,2,1,1,1365,1.0714285714285714,1,14,0.9380952380952381,15,0,0.0,-1.2723667075259641,200
14,12,168,1,0,1,0,156,0.8571428571428571,1,12,0.4642857142857143,12,0,0.0,-1.9943620351927949,200
13,17,221,0,2,1,0,1326,1.3076923076923077,1,13,0.9457013574660633,17,0,0.0,-1.8304989129107592,200
13,17,221,1,1,0,1,221,1.3076923076923077,13,13,1.0,17,0,0.0,-3.1762733944180774,200
14,14,196,0,0,1,1,182,1.0,7,14,0.9642857142857143,14,0,0.0,-2.1426138232218266,200
14,14,196,0,1,1,0,196,1.0,13,14,0.9948979591836735,14,0,0.0,-2.6818015853724506,200
14,17,238,1,1,0,0,238,1.2142857142857142,1,14,0.7941176470588235,17,0,0.0,-1.5427688887417896,200
13,16,208,1,0,1,0,192,1.2307692307692308,1,13,0.625,16,3,0.1875,-2.1681581917819472,200
13,5,65,0,1,0,0,65,0.38461538461538464,1,9,0.38461538461538464,5,0,0.0,-0.6050884316516197,200
13,15,195,0,1,1,0,195,1.1538461538461537,12,13,0.9948717948717949,15,0,0.0,-2.520480432564639,200
14,6,84,1,0,0,1,78,0.42857142857142855,14,14,1.0,6,0,0.0,-3.3035683358288814,200
13,14,182,1,1,0,1,182,1.0769230769230769,13,13,1.0,14,0,0.0,-3.1964833247493343,200
13,12,156,0,2,0,0,936,0.9230769230769231,1,13,0.9230769230769231,12,0,0.0,0.2636385369756936,200
14,6,84,0,2,0,0,546,0.42857142857142855,1,14,0.8452380952380952,6,0,0.0,0.4229629297524033,200
14,14,196,1,2,1,1,1274,1.0,1,14,0.9336734693877551,14,3,0.21428571428571427,-2.6092887463804453,200
13,1,13,0,0,1,1,12,0.07692307692307693,7,7,0.5384615384615384,1,0,0.0,-0.1353089903195646,200
13,4,52,1,1,1,1,52,0.3076923076923077,6,13,0.8653846153846154,4,0,0.0,-1.7155854746287353,200
14,1,14,1,2,0,1,91,0.07142857142857142,14,14,1.0,1,0,0.0,-0.003733135875278765,200
14,20,280,0,1,0,1,280,1.4285714285714286,14,14,1.0,20,0,0.0,-0.5098687027397935,200
13,1,13,1,0,1,1,12,0.07692307692307693,7,7,0.5384615384615384,1,0,0.0,-0.15183949997340532,200
13,1,13,1,1,0,1,13,0.07692307692307693,13,13,1.0,1,0,0.0,-0.015230462094980924,200
14,14,196,1,2,0,0,1274,1.0,1,14,0.9336734693877551,14,0,0.0,-2.308826015298567,200
14,16,224,1,2,0,0,1456,1.1428571428571428,1,14,0.9419642857142857,16,0,0.0,-2.5233586052985553,200
13,2,26,1,2,1,1,156,0.15384615384615385,1,13,0.5384615384615384,2,1,0.5,-0.2860619648538256,200
13,17,221,1,0,0,0,204,1.3076923076923077,1,13,0.6470588235294118,17,0,0.0,-0.975809174092678,200
13,13,169,0,2,0,1,1014,1.0,13,13,1.0,13,0,0.0,0.6728927470262128,200
14,7,98,1,1,0,0,98,0.5,1,13,0.5,7,0,0.0,-0.9662257258305139,200
13,18,234,0,0,1,0,216,1.3846153846153846,1,13,0.6666666666666666,18,0,0.0,-1.5316380056226315,200
13,6,78,1,1,1,0,78,0.46153846153846156,12,13,0.9871794871794872,6,0,0.0,-2.319263135202412,200
13,15,195,1,2,0,0,1170,1.1538461538461537,1,13,0.9384615384615385,15,0,0.0,-2.5016465931543292,200
13,7,91,0,1,1,0,91,0.5384615384615384,12,13,0.989010989010989,7,0,0.0,-1.47377101158304,200
14,18,252,1,2,0,0,1638,1.2857142857142858,1,14,0.9484126984126984,18,0,0.0,-2.5004360121678038,200
14,9,126,0,2,1,1,819,0.6428571428571429,1,14,0.8968253968253969,9,0,0.0,-0.7353414069053965,200
14,1,14,0,0,1,0,13,0.07142857142857142,1,1,0.07142857142857142,1,0,0.0,-0.32128564423854533,200
13,15,195,1,0,1,1,180,1.1538461538461537,7,13,0.9692307692307692,15,0,0.0,-3.142631677289457,200
13,13,169,1,1,1,1,169,1.0,6,13,0.9585798816568047,13,0,0.0,-3.1333802576876173,200
13,17,221,0,0,1,0,204,1.3076923076923077,1,13,0.6470588235294118,17,0,0.0,-1.4224334321993006,200
14,9,126,1,1,1,0,126,0.6428571428571429,13,14,0.9920634920634921,9,0,0.0,-3.365454362181955,200
14,3,42,1,1,1,1,42,0.21428571428571427,7,14,0.8333333333333334,3,0,0.0,-1.527530026277567,200
13,6,78,0,0,0,0,72,0.46153846153846156,1,6,0.2692307692307692,6,0,0.0,-0.49673784007052607,200
14,16,224,0,0,1,1,208,1.1428571428571428,7,14,0.96875,16,0,0.0,-2.3828112857867327,200
14,9,126,1,1,1,0,126,0.6428571428571429,13,14,0.9920634920634921,9,0,0.0,-3.395269126252481,200
13,9,117,0,2,0,0,702,0.6923076923076923,1,13,0.8974358974358975,9,0,0.0,0.2603395743263638,200
14,1,14,0,2,1,1,91,0.07142857142857142,1,1,0.07142857142857142,1,0,0.0,-0.32360871135401964,200
13,10,130,0,2,1,1,780,0.7692307692307693,1,13,0.9076923076923077,10,0,0.0,-0.81558000429104,200
13,12,156,0,1,0,0,156,0.9230769230769231,1,13,0.7307692307692307,12,0,0.0,-1.0230173690140267,200
13,2,26,0,0,0,0,24,0.15384615384615385,1,2,0.11538461538461539,2,0,0.0,-0.4020497323489708,200
13,14,182,0,0,1,1,168,1.0769230769230769,7,13,0.967032967032967,14,0,0.0,-2.0424557613989034,200
13,18,234,1,0,1,0,216,1.3846153846153846,1,13,0.6666666666666666,18,0,0.0,-2.8581989376182206,200
14,20,280,1,2,1,1,1820,1.4285714285714286,1,14,0.9535714285714286,20,0,0.0,-2.9088696798162554,200
14,13,182,0,0,0,1,169,0.9285714285714286,14,14,1.0,13,0,0.0,-1.545651198642833,200
13,14,182,1,2,1,1,1092,1.0769230769230769,1,13,0.9340659340659341,14,2,0.14285714285714285,-2.287439987584341,200
14,11,154,1,0,0,0,143,0.7857142857142857,1,11,0.42857142857142855,11,1,0.09090909090909091,-0.8290536215483102,200
14,7,98,1,2,0,1,637,0.5,14,14,1.0,7,0,0.0,-1.5773411858517317,200
14,6,84,0,2,0,1,546,0.42857142857142855,14,14,1.0,6,0,0.0,0.7535256876504405,200
13,17,221,1,0,1,0,204,1.3076923076923077,1,13,0.6470588235294118,17,0,0.0,-2.9049164780945214,200
14,14,196,0,2,0,1,1274,1.0,14,14,1.0,14,0,0.0,0.6834292688356697,200
13,2,26,1,2,0,0,156,0.15384615384615385,1,13,0.5384615384615384,2,1,0.5,-0.30654184294874115,200
14,5,70,0,0,0,1,65,0.35714285714285715,14,14,1.0,5,0,0.0,-1.0553875434060374,200
14,13,182,0,2,0,1,1183,0.9285714285714286,14,14,1.0,13,0,0.0,0.69517651712342,200
13,19,247,0,1,0,0,247,1.4615384615384615,1,13,0.8299595141700404,19,0,0.0,-1.2111599807283657,200
13,7,91,1,2,1,0,546,0.5384615384615384,1,13,0.8681318681318682,7,0,0.0,-1.1357530394329602,200
14,8,112,0,2,1,0,728,0.5714285714285714,1,14,0.8839285714285714,8,0,0.0,-0.9550082932071111,200
13,4,52,0,1,1,1,52,0.3076923076923077,6,13,0.8653846153846154,4,0,0.0,-0.8214371673270221,200
13,15,195,0,0,0,0,180,1.1538461538461537,1,13,0.6,15,0,0.0,-0.6577929512569826,200
14,5,70,1,0,1,0,65,0.35714285714285715,1,5,0.21428571428571427,5,0,0.0,-0.9605147864195466,200
14,9,126,1,1,1,0,126,0.6428571428571429,13,14,0.9920634920634921,9,0,0.0,-3.391641235921585,200
13,19,247,0,1,0,1,247,1.4615384615384615,13,13,1.0,19,0,0.0,-0.33347803529344155,200
14,3,42,0,0,1,1,39,0.21428571428571427,7,14,0.8333333333333334,3,0,0.0,-0.5546823166789521,200
13,10,130,0,1,0,1,130,0.7692307692307693,13,13,1.0,10,0,0.0,-0.49192260724482667,200
13,4,52,1,1,0,1,52,0.3076923076923077,13,13,1.0,4,0,0.0,-2.3628296321190874,200
13,17,221,1,0,1,0,204,1.3076923076923077,1,13,0.6470588235294118,17,0,0.0,-2.547670761936472,200
13,16,208,1,0,1,0,192,1.2307692307692308,1,13,0.625,16,0,0.0,-2.6918397626528967,200
13,20,260,0,0,1,1,240,1.5384615384615385,7,13,0.9769230769230769,20,0,0.0,-2.5162627383088507,200
13,7,91,1,1,0,0,91,0.5384615384615384,1,13,0.5384615384615384,7,0,0.0,-1.1598339811372287,200
14,15,210,0,1,1,1,210,1.0714285714285714,7,14,0.9666666666666667,15,0,0.0,-2.7509397078345432,200
14,15,210,1,2,1,0,1365,1.0714285714285714,1,14,0.9380952380952381,15,0,0.0,-3.099096235268939,200
14,15,210,1,2,0,1,1365,1.0714285714285714,14,14,1.0,15,0,0.0,-2.797162795038455,200
14,4,56,1,1,0,0,56,0.2857142857142857,1,7,0.2857142857142857,4,1,0.25,-0.6933509968064463,200
13,1,13,1,0,1,1,12,0.07692307692307693,7,7,0.5384615384615384,1,0,0.0,-0.2127726007940583,200
14,4,56,0,1,0,1,56,0.2857142857142857,14,14,1.0,4,0,0.0,-0.40477375699230694,200
13,3,39,1,2,1,0,234,0.23076923076923078,1,13,0.6923076923076923,3,2,0.6666666666666666,-0.3212834415537731,200
13,17,221,1,1,1,0,221,1.3076923076923077,12,13,0.995475113122172,17,0,0.0,-3.0945059191732214,200
14,16,224,1,2,0,1,1456,1.1428571428571428,14,14,1.0,16,0,0.0,-3.023583799382135,200
14,20,280,1,2,0,1,1820,1.4285714285714286,14,14,1.0,20,0,0.0,-3.205721405596629,200
14,1,14,1,0,1,1,13,0.07142857142857142,7,7,0.5,1,0,0.0,-0.17961543574092745,200
13,10,130,1,0,1,1,120,0.7692307692307693,7,13,0.9538461538461539,10,0,0.0,-2.9938770757817377,200
13,3,39,1,0,0,0,36,0.23076923076923078,1,3,0.15384615384615385,3,1,0.3333333333333333,-0.39918473065808047,200
13,6,78,0,0,0,0,72,0.46153846153846156,1,6,0.2692307692307692,6,0,0.0,-0.5145104286900309,200
14,3,42,1,1,1,1,42,0.21428571428571427,7,14,0.8333333333333334,3,0,0.0,-1.4248667263129964,200
13,3,39,1,0,1,1,36,0.23076923076923078,7,13,0.8461538461538461,3,0,0.0,-1.0791135085380557,200
13,14,182,1,0,1,0,168,1.0769230769230769,1,13,0.5714285714285714,14,3,0.21428571428571427,-2.0422632452315908,200
14,8,112,1,0,1,1,104,0.5714285714285714,7,14,0.9375,8,0,0.0,-3.3164593716937296,200
14,16,224,1,2,0,0,1456,1.1428571428571428,1,14,0.9419642857142857,16,1,0.0625,-2.656081828100451,200
14,3,42,0,0,1,1,39,0.21428571428571427,7,14,0.8333333333333334,3,0,0.0,-0.5757331289577965,200
13,19,247,0,1,0,0,247,1.4615384615384615,1,13,0.8299595141700404,19,0,0.0,-1.2846999721249632,200
13,9,117,0,0,0,0,108,0.6923076923076923,1,9,0.38461538461538464,9,0,0.0,-0.5713444147274983,200
14,13,182,0,0,0,0,169,0.9285714285714286,1,13,0.5,13,0,0.0,-0.6352586292593159,200
13,2,26,1,2,1,0,156,0.15384615384615385,1,13,0.5384615384615384,2,0,0.0,-0.574823943194484,200
14,16,224,0,0,0,0,208,1.1428571428571428,1,14,0.59375,16,0,0.0,-0.6606227731105505,200
14,10,140,0,0,1,1,130,0.7142857142857143,7,14,0.95,10,0,0.0,-1.849605152707344,200
14,15,210,1,1,1,1,210,1.0714285714285714,7,14,0.9666666666666667,15,0,0.0,-3.3810734652167276,200
14,15,210,0,0,0,1,195,1.0714285714285714,14,14,1.0,15,0,0.0,-1.8989402849492487,200
13,2,26,0,2,1,1,156,0.15384615384615385,1,13,0.5384615384615384,2,0,0.0,-0.34757301414779884,200
14,9,126,1,0,0,1,117,0.6428571428571429,14,14,1.0,9,0,0.0,-3.7315722983620216,200
13,6,78,1,0,1,0,72,0.46153846153846156,1,6,0.2692307692307692,6,2,0.3333333333333333,-1.108044988032573,200
13,15,195,1,2,1,0,1170,1.1538461538461537,1,13,0.9384615384615385,15,0,0.0,-2.777088719652538,200
14,10,140,1,0,0,1,130,0.7142857142857143,14,14,1.0,10,0,0.0,-3.6494511952572606,200
13,18,234,0,0,1,1,216,1.3846153846153846,7,13,0.9743589743589743,18,0,0.0,-2.370861131145989,200
14,9,126,1,2,1,0,819,0.6428571428571429,1,14,0.8968253968253969,9,1,0.1111111111111111,-1.9754175181340579,200
14,14,196,1,2,0,1,1274,1.0,14,14,1.0,14,0,0.0,-2.6907218108671613,200
13,8,104,1,1,0,0,104,0.6153846153846154,1,13,0.5961538461538461,8,0,0.0,-1.0223841085835157,200
13,12,156,0,1,0,1,156,0.9230769230769231,13,13,1.0,12,0,0.0,-0.41119267604982096,200
14,5,70,0,2,1,0,455,0.35714285714285715,1,14,0.8142857142857143,5,0,0.0,-0.6310755725924478,200
14,6,84,0,1,1,0,84,0.42857142857142855,13,14,0.9880952380952381,6,0,0.0,-1.2775915104984208,200
13,18,234,1,0,0,1,216,1.3846153846153846,13,13,1.0,18,0,0.0,-3.271771420273798,200
14,16,224,0,1,1,1,224,1.1428571428571428,7,14,0.96875,16,0,0.0,-2.80712280173615,200
13,8,104,0,1,0,0,104,0.6153846153846154,1,13,0.5961538461538461,8,0,0.0,-0.8139164337559638,200
14,1,14,0,1,0,0,14,0.07142857142857142,1,1,0.07142857142857142,1,0,0.0,-0.2803614242433527,200
13,19,247,0,0,1,1,228,1.4615384615384615,7,13,0.9757085020242915,19,0,0.0,-2.342351906629151,200
13,16,208,0,2,0,0,1248,1.2307692307692308,1,13,0.9423076923076923,16,0,0.0,0.2875565848303343,200
14,9,126,0,1,0,0,126,0.6428571428571429,1,14,0.6111111111111112,9,0,0.0,-0.8477230163366113,200
14,4,56,1,1,1,1,56,0.2857142857142857,7,14,0.875,4,0,0.0,-2.0109397995040603,200
13,8,104,1,1,0,1,104,0.6153846153846154,13,13,1.0,8,0,0.0,-3.1478860721289044,200
14,8,112,0,0,1,0,104,0.5714285714285714,1,8,0.32142857142857145,8,0,0.0,-0.6947876514874682,200
14,16,224,1,0,1,0,208,1.1428571428571428,1,14,0.59375,16,0,0.0,-2.5585780739117077,200
14,11,154,0,0,0,0,143,0.7857142857142857,1,11,0.42857142857142855,11,0,0.0,-0.5954792422496533,200
13,16,208,1,2,0,1,1248,1.2307692307692308,13,13,1.0,16,0,0.0,-2.809195936531598,200
14,9,126,1,0,1,0,117,0.6428571428571429,1,9,0.35714285714285715,9,0,0.0,-1.5465038345841782,200
13,18,234,1,0,1,0,216,1.3846153846153846,1,13,0.6666666666666666,18,0,0.0,-2.645558697689054,200
14,1,14,1,1,1,1,14,0.07142857142857142,7,7,0.5,1,0,0.0,-0.32968737845893914,200
14,13,182,1,2,0,1,1183,0.9285714285714286,14,14,1.0,13,0,0.0,-2.5696597835998514,200
13,14,182,1,0,0,1,168,1.0769230769230769,13,13,1.0,14,0,0.0,-3.1894325985780605,200
13,9,117,0,0,1,1,108,0.6923076923076923,7,13,0.9487179487179487,9,0,0.0,-1.3497328474556112,200
13,7,91,1,2,0,0,546,0.5384615384615384,1,13,0.8681318681318682,7,2,0.2857142857142857,-0.981868975448124,200
13,14,182,0,1,1,0,182,1.0769230769230769,12,13,0.9945054945054945,14,0,0.0,-2.4442302644458183,200
13,1,13,1,0,1,0,12,0.07692307692307693,1,1,0.07692307692307693,1,0,0.0,-0.2899360812734035,200
13,20,260,0,1,0,1,260,1.5384615384615385,13,13,1.0,20,0,0.0,-0.3161236497900733,200
13,2,26,1,0,1,0,24,0.15384615384615385,1,2,0.11538461538461539,2,1,0.5,-0.2671095487878181,200
13,16,208,1,2,1,0,1248,1.2307692307692308,1,13,0.9423076923076923,16,0,0.0,-3.151267461008373,200
13,3,39,1,1,0,0,39,0.23076923076923078,1,5,0.23076923076923078,3,2,0.6666666666666666,-0.3154569017502221,200
13,15,195,0,2,1,0,1170,1.1538461538461537,1,13,0.9384615384615385,15,0,0.0,-1.5371373428189168,200
13,10,130,0,0,0,0,120,0.7692307692307693,1,10,0.4230769230769231,10,0,0.0,-0.573784076933045,200
13,18,234,1,1,0,0,234,1.3846153846153846,1,13,0.8205128205128205,18,2,0.1111111111111111,-1.3253055873640553,200
13,18,234,0,0,0,1,216,1.3846153846153846,13,13,1.0,18,0,0.0,-1.789341034135347,200
14,20,280,0,1,0,1,280,1.4285714285714286,14,14,1.0,20,0,0.0,-0.5372574667075787,200
14,5,70,1,0,0,1,65,0.35714285714285715,14,14,1.0,5,0,0.0,-2.6056869807165084,200
14,3,42,0,0,1,1,39,0.21428571428571427,7,14,0.8333333333333334,3,0,0.0,-0.6146607536929882,200
13,14,182,0,1,0,0,182,1.0769230769230769,1,13,0.7692307692307693,14,0,0.0,-1.0228142412358763,200
14,12,168,1,1,0,1,168,0.8571428571428571,14,14,1.0,12,0,0.0,-3.609216279496535,200
14,2,28,0,0,1,0,26,0.14285714285714285,1,2,0.10714285714285714,2,0,0.0,-0.32912857045191446,200
14,18,252,1,0,1,1,234,1.2857142857142858,7,14,0.9722222222222222,18,0,0.0,-3.4066762362879253,200
13,6,78,1,1,1,1,78,0.46153846153846156,6,13,0.9102564102564102,6,0,0.0,-2.8823341226550854,200
13,12,156,0,0,0,0,144,0.9230769230769231,1,12,0.5,12,0,0.0,-0.640663707145266,200
14,17,238,0,2,1,1,1547,1.2142857142857142,1,14,0.9453781512605042,17,0,0.0,-1.5047757003290585,200
13,8,104,0,1,0,0,104,0.6153846153846154,1,13,0.5961538461538461,8,0,0.0,-0.8278121601048748,200
13,6,78,0,0,1,1,72,0.46153846153846156,7,13,0.9230769230769231,6,0,0.0,-1.09884509744533,200
13,16,208,1,0,0,1,192,1.2307692307692308,13,13,1.0,16,0,0.0,-3.237505128620236,200
13,12,156,0,0,0,1,144,0.9230769230769231,13,13,1.0,12,0,0.0,-1.692522020636667,200
14,1,14,1,1,0,0,14,0.07142857142857142,1,1,0.07142857142857142,1,0,0.0,-0.2956801862865606,200
14,13,182,0,1,1,1,182,0.9285714285714286,7,14,0.9615384615384616,13,0,0.0,-2.5599494741050304,200
13,4,52,1,2,0,0,312,0.3076923076923077,1,13,0.7692307692307693,4,3,0.75,-0.3266112821213942,200
13,19,247,1,2,0,0,1482,1.4615384615384615,1,13,0.951417004048583,19,1,0.05263157894736842,-2.7067682750327,200
13,12,156,0,1,1,1,156,0.9230769230769231,6,13,0.9551282051282052,12,0,0.0,-2.3159117061028986,200
13,6,78,0,1,0,1,78,0.46153846153846156,13,13,1.0,6,0,0.0,-0.4556042361108651,200
14,2,28,1,0,0,0,26,0.14285714285714285,1,2,0.10714285714285714,2,0,0.0,-0.5845983008822326,200
14,16,224,0,2,1,1,1456,1.1428571428571428,1,14,0.9419642857142857,16,0,0.0,-1.3699188720710687,200
13,4,52,1,2,1,1,312,0.3076923076923077,1,13,0.7692307692307693,4,0,0.0,-0.8544011164617593,200
14,17,238,1,2,0,1,1547,1.2142857142857142,14,14,1.0,17,0,0.0,-3.0132292144472346,200
13,3,39,0,1,0,1,39,0.23076923076923078,13,13,1.0,3,0,0.0,-0.31255706205514777,200
14,17,238,1,1,0,1,238,1.2142857142857142,14,14,1.0,17,0,0.0,-3.4498836205814563,200
14,18,252,1,1,1,1,252,1.2857142857142858,7,14,0.9722222222222222,18,0,0.0,-3.384966618085446,200
13,2,26,0,0,1,1,24,0.15384615384615385,7,13,0.7692307692307693,2,0,0.0,-0.45851653849299556,200
14,5,70,0,1,1,0,70,0.35714285714285715,13,14,0.9857142857142858,5,0,0.0,-1.0860435181979666,200
13,20,260,0,2,0,0,1560,1.5384615384615385,1,13,0.9538461538461539,20,0,0.0,0.26523646725452144,200
13,7,91,0,1,1,0,91,0.5384615384615384,12,13,0.989010989010989,7,0,0.0,-1.3463988648765604,200
13,13,169,0,0,1,1,156,1.0,7,13,0.9644970414201184,13,0,0.0,-1.9003937197011826,200
13,18,234,0,1,0,0,234,1.3846153846153846,1,13,0.8205128205128205,18,0,0.0,-1.2151966117042987,200
13,13,169,0,1,1,0,169,1.0,12,13,0.9940828402366864,13,0,0.0,-2.3531705171638797,200
14,16,224,0,1,0,0,224,1.1428571428571428,1,14,0.78125,16,0,0.0,-1.1446638865103362,200
13,1,13,1,2,1,1,78,0.07692307692307693,1,1,0.07692307692307693,1,0,0.0,-0.3129766455468755,200
13,15,195,1,2,0,1,1170,1.1538461538461537,13,13,1.0,15,0,0.0,-2.702512457725937,200
13,5,65,1,0,1,0,60,0.38461538461538464,1,5,0.23076923076923078,5,1,0.2,-0.8226232661390769,200
13,16,208,1,2,0,1,1248,1.2307692307692308,13,13,1.0,16,0,0.0,-2.7920964716830916,200
13,7,91,1,0,0,1,84,0.5384615384615384,13,13,1.0,7,0,0.0,-3.2337927190842484,200
14,9,126,1,0,0,0,117,0.6428571428571429,1,9,0.35714285714285715,9,1,0.1111111111111111,-0.7950056450899943,200
13,11,143,1,1,0,0,143,0.8461538461538461,1,13,0.7062937062937062,11,2,0.18181818181818182,-1.011979252437831,200
13,10,130,0,1,1,1,130,0.7692307692307693,6,13,0.9461538461538461,10,0,0.0,-1.8841000726161115,200
13,13,169,1,0,1,0,156,1.0,1,13,0.5384615384615384,13,0,0.0,-2.226593579884032,200
14,1,14,0,1,1,0,14,0.07142857142857142,13,13,0.9285714285714286,1,0,0.0,-0.0009057490228484791,200
13,15,195,0,2,0,0,1170,1.1538461538461537,1,13,0.9384615384615385,15,0,0.0,0.29038179636902134,200
13,5,65,1,2,1,0,390,0.38461538461538464,1,13,0.8153846153846154,5,0,0.0,-1.3114537716001315,200
14,19,266,1,1,1,1,266,1.3571428571428572,7,14,0.9736842105263158,19,0,0.0,-3.392784644971743,200
13,7,91,0,1,0,0,91,0.5384615384615384,1,13,0.5384615384615384,7,0,0.0,-0.7404272771619061,200
14,19,266,1,1,0,1,266,1.3571428571428572,14,14,1.0,19,0,0.0,-3.418934229450234,200
13,9,117,0,2,1,1,702,0.6923076923076923,1,13,0.8974358974358975,9,0,0.0,-0.7436727632388164,200
13,9,117,0,2,1,1,702,0.6923076923076923,1,13,0.8974358974358975,9,0,0.0,-0.7534544561629306,200
14,17,238,1,1,1,1,238,1.2142857142857142,7,14,0.9705882352941176,17,0,0.0,-3.389159515892228,200
14,13,182,0,2,1,0,1183,0.9285714285714286,1,14,0.9285714285714286,13,0,0.0,-1.3799306279831023,200
14,6,84,0,0,0,1,78,0.42857142857142855,14,14,1.0,6,0,0.0,-1.1835801377439434,200
14,15,210,1,0,0,1,195,1.0714285714285714,14,14,1.0,15,0,0.0,-3.5664210779057837,200
14,5,70,0,0,0,0,65,0.35714285714285715,1,5,0.21428571428571427,5,0,0.0,-0.4661925249257807,200
13,2,26,1,1,0,0,26,0.15384615384615385,1,3,0.15384615384615385,2,1,0.5,-0.3256818539672386,200
13,19,247,0,1,1,0,247,1.4615384615384615,12,13,0.9959514170040485,19,0,0.0,-2.6923102710044207,200
13,11,143,0,1,1,1,143,0.8461538461538461,6,13,0.951048951048951,11,0,0.0,-2.108775466295268,200
14,5,70,0,2,0,1,455,0.35714285714285715,14,14,1.0,5,0,0.0,0.7720693634603504,200
14,4,56,1,0,1,0,52,0.2857142857142857,1,4,0.17857142857142858,4,1,0.25,-0.8836539558931191,200
14,14,196,1,1,0,1,196,1.0,14,14,1.0,14,0,0.0,-3.5303984014081204,200
14,18,252,1,2,0,0,1638,1.2857142857142858,1,14,0.9484126984126984,18,0,0.0,-2.860318606268737,200
13,1,13,0,0,0,0,12,0.07692307692307693,1,1,0.07692307692307693,1,0,0.0,-0.3080666721908442,200
14,13,182,0,0,0,0,169,0.9285714285714286,1,13,0.5,13,0,0.0,-0.6237888866641855,200
14,13,182,0,0,0,0,169,0.9285714285714286,1,13,0.5,13,0,0.0,-0.598790144222917,200
14,20,280,0,1,1,1,280,1.4285714285714286,7,14,0.975,20,0,0.0,-2.9535816203552785,200
13,3,39,1,0,0,1,36,0.23076923076923078,13,13,1.0,3,0,0.0,-1.2393414029662677,200
14,12,168,1,0,1,1,156,0.8571428571428571,7,14,0.9583333333333334,12,0,0.0,-3.3984998399020867,200
14,14,196,0,1,0,0,196,1.0,1,14,0.75,14,0,0.0,-1.1896005885532932,200
13,14,182,0,0,0,1,168,1.0769230769230769,13,13,1.0,14,0,0.0,-1.6859568528519793,200
14,20,280,0,0,0,1,260,1.4285714285714286,14,14,1.0,20,0,0.0,-1.978623865449944,200
13,5,65,1,2,0,1,390,0.38461538461538464,13,13,1.0,5,0,0.0,-1.2500260227940792,200
13,10,130,1,1,0,1,130,0.7692307692307693,13,13,1.0,10,0,0.0,-3.2158841034473853,200
13,12,156,1,0,0,0,144,0.9230769230769231,1,12,0.5,12,0,0.0,-0.9228317977345666,200
13,3,39,1,0,0,0,36,0.23076923076923078,1,3,0.15384615384615385,3,0,0.0,-0.3769462501998399,200
14,1,14,1,1,0,0,14,0.07142857142857142,1,1,0.07142857142857142,1,1,1.0,nan,200
14,8,112,0,2,0,0,728,0.5714285714285714,1,14,0.8839285714285714,8,0,0.0,0.33024185096869363,200
14,2,28,1,0,1,1,26,0.14285714285714285,7,14,0.75,2,0,0.0,-0.7466635635441409,200
14,8,112,0,0,1,0,104,0.5714285714285714,1,8,0.32142857142857145,8,0,0.0,-0.655616258937341,200
14,8,112,0,0,0,1,104,0.5714285714285714,14,14,1.0,8,0,0.0,-1.5285302523205428,200
13,10,130,0,0,0,1,120,0.7692307692307693,13,13,1.0,10,0,0.0,-1.6290997960076454,200
13,17,221,0,0,1,0,204,1.3076923076923077,1,13,0.6470588235294118,17,0,0.0,-1.4488580799721684,200
14,11,154,1,2,0,1,1001,0.7857142857142857,14,14,1.0,11,0,0.0,-2.448821469630602,200
14,17,238,1,0,1,0,221,1.2142857142857142,1,14,0.6176470588235294,17,0,0.0,-2.8571080988066013,200
13,9,117,0,2,1,1,702,0.6923076923076923,1,13,0.8974358974358975,9,0,0.0,-0.7235863274604657,200
14,8,112,0,1,0,0,112,0.5714285714285714,1,14,0.5625,8,0,0.0,-0.8860148520164071,200
14,15,210,1,1,0,0,210,1.0714285714285714,1,14,0.7666666666666667,15,0,0.0,-1.4255427079753167,200
13,9,117,1,1,0,0,117,0.6923076923076923,1,13,0.6410256410256411,9,0,0.0,-1.0998698748280595,200
13,9,117,1,0,1,1,108,0.6923076923076923,7,13,0.9487179487179487,9,0,0.0,-2.9184922816557353,200
13,7,91,0,1,0,0,91,0.5384615384615384,1,13,0.5384615384615384,7,0,0.0,-0.7150632495935693,200
13,14,182,0,1,1,1,182,1.0769230769230769,6,13,0.9615384615384616,14,0,0.0,-2.4351122930515787,200
14,10,140,1,0,1,0,130,0.7142857142857143,1,10,0.39285714285714285,10,1,0.1,-1.2789073689303019,200
13,5,65,0,2,0,1,390,0.38461538461538464,13,13,1.0,5,0,0.0,0.7817045310200724,200
13,16,208,1,0,1,1,192,1.2307692307692308,7,13,0.9711538461538461,16,0,0.0,-3.1228677392512902,200
14,8,112,1,0,0,1,104,0.5714285714285714,14,14,1.0,8,0,0.0,-3.61274958406869,200
14,6,84,1,2,0,1,546,0.42857142857142855,14,14,1.0,6,0,0.0,-1.413255596820942,200
14,1,14,0,0,0,0,13,0.07142857142857142,1,1,0.07142857142857142,1,0,0.0,-0.3289034274295875,200
13,15,195,0,2,0,1,1170,1.1538461538461537,13,13,1.0,15,0,0.0,0.6964485811006503,200
13,16,208,1,0,0,1,192,1.2307692307692308,13,13,1.0,16,0,0.0,-3.270213595887516,200
13,17,221,1,2,1,0,1326,1.3076923076923077,1,13,0.9457013574660633,17,0,0.0,-3.068193322251152,200
13,5,65,0,0,0,0,60,0.38461538461538464,1,5,0.23076923076923078,5,0,0.0,-0.5049182985723889,200
14,19,266,0,2,1,0,1729,1.3571428571428572,1,14,0.9511278195488722,19,0,0.0,-1.9861113306173448,200
13,3,39,1,2,0,0,234,0.23076923076923078,1,13,0.6923076923076923,3,1,0.3333333333333333,-0.5801446761069788,200
13,5,65,0,2,1,0,390,0.38461538461538464,1,13,0.8153846153846154,5,0,0.0,-0.6025857727622469,200
13,19,247,0,0,1,0,228,1.4615384615384615,1,13,0.6842105263157895,19,0,0.0,-1.64964675704846,200
13,9,117,0,0,0,1,108,0.6923076923076923,13,13,1.0,9,0,0.0,-1.2902372780129043,200
13,2,26,0,0,0,1,24,0.15384615384615385,13,13,1.0,2,0,0.0,-0.4018134104152491,200
14,2,28,0,1,1,1,28,0.14285714285714285,7,14,0.75,2,0,0.0,-0.4607844712941779,200
13,17,221,0,0,0,1,204,1.3076923076923077,13,13,1.0,17,0,0.0,-1.6529061326487617,200
13,19,247,1,1,0,0,247,1.4615384615384615,1,13,0.8299595141700404,19,1,0.05263157894736842,-1.544538570911249,200
13,16,208,0,1,1,1,208,1.2307692307692308,6,13,0.9663461538461539,16,0,0.0,-2.6314150970959695,200
13,10,130,0,2,1,0,780,0.7692307692307693,1,13,0.9076923076923077,10,0,0.0,-1.1299684796435403,200
13,19,247,0,1,0,0,247,1.4615384615384615,1,13,0.8299595141700404,19,0,0.0,-1.3013678191733304,200
13,13,169,0,2,0,0,1014,1.0,1,13,0.9289940828402367,13,0,0.0,0.29263555364128063,200
14,14,196,0,1,0,0,196,1.0,1,14,0.75,14,0,0.0,-1.138373046075187,200
14,3,42,1,2,1,1,273,0.21428571428571427,1,14,0.6904761904761905,3,0,0.0,-0.9242568766115632,200
14,13,182,1,1,0,1,182,0.9285714285714286,14,14,1.0,13,0,0.0,-3.4565551949978315,200
13,18,234,1,0,1,1,216,1.3846153846153846,7,13,0.9743589743589743,18,0,0.0,-3.1345136550288473,200
13,10,130,1,2,1,1,780,0.7692307692307693,1,13,0.9076923076923077,10,0,0.0,-1.6901078693591307,200
14,17,238,1,1,0,0,238,1.2142857142857142,1,14,0.7941176470588235,17,0,0.0,-1.5037072957853908,200
14,15,210,1,1,0,0,210,1.0714285714285714,1,14,0.7666666666666667,15,4,0.26666666666666666,-1.1952114530629654,200
14,14,196,0,0,0,0,182,1.0,1,14,0.5357142857142857,14,0,0.0,-0.6523065614642706,200
14,6,84,1,0,0,0,78,0.42857142857142855,1,6,0.25,6,0,0.0,-0.8007074130529156,200
13,10,130,1,2,0,1,780,0.7692307692307693,13,13,1.0,10,0,0.0,-2.2249329110807805,200
14,14,196,0,0,0,0,182,1.0,1,14,0.5357142857142857,14,0,0.0,-0.6315746552386662,200
13,19,247,1,0,0,0,228,1.4615384615384615,1,13,0.6842105263157895,19,0,0.0,-1.0634859108316526,200
14,2,28,0,0,1,0,26,0.14285714285714285,1,2,0.10714285714285714,2,0,0.0,-0.3423123376537233,200
14,13,182,1,1,0,1,182,0.9285714285714286,14,14,1.0,13,0,0.0,-3.5630689207353115,200
14,17,238,1,2,0,1,1547,1.2142857142857142,14,14,1.0,17,0,0.0,-3.0710626406202994,200
13,14,182,1,2,1,1,1092,1.0769230769230769,1,13,0.9340659340659341,14,0,0.0,-2.5621313779637718,200
14,13,182,1,0,0,1,169,0.9285714285714286,14,14,1.0,13,0,0.0,-3.6144752729412835,200
14,16,224,0,2,1,1,1456,1.1428571428571428,1,14,0.9419642857142857,16,0,0.0,-1.3692408344088276,200
14,4,56,0,1,1,0,56,0.2857142857142857,13,14,0.9821428571428571,4,0,0.0,-0.835427941636816,200
13,15,195,0,2,0,1,1170,1.1538461538461537,13,13,1.0,15,0,0.0,0.7111630986328386,200
13,9,117,0,1,0,1,117,0.6923076923076923,13,13,1.0,9,0,0.0,-0.4414258709647252,200
14,8,112,1,2,1,0,728,0.5714285714285714,1,14,0.8839285714285714,8,1,0.125,-1.7934042943392394,200
14,20,280,0,0,0,1,260,1.4285714285714286,14,14,1.0,20,0,0.0,-2.0565782614584323,200
14,11,154,0,2,0,1,1001,0.7857142857142857,14,14,1.0,11,0,0.0,0.7337126702113937,200
13,6,78,1,2,0,1,468,0.46153846153846156,13,13,1.0,6,0,0.0,-1.3297332019203174,200
13,15,195,1,1,1,0,195,1.1538461538461537,12,13,0.9948717948717949,15,0,0.0,-3.1190657604261145,200
13,16,208,1,0,1,0,192,1.2307692307692308,1,13,0.625,16,0,0.0,-2.5564201458339753,200
13,2,26,0,1,0,0,26,0.15384615384615385,1,3,0.15384615384615385,2,0,0.0,-0.47125333137472464,200
14,11,154,0,2,0,1,1001,0.7857142857142857,14,14,1.0,11,0,0.0,0.7257527749549922,200
14,16,224,0,0,0,1,208,1.1428571428571428,14,14,1.0,16,0,0.0,-1.7695748184349407,200
13,20,260,1,1,1,1,260,1.5384615384615385,6,13,0.9730769230769231,20,0,0.0,-3.118710653979127,200
13,18,234,0,2,1,1,1404,1.3846153846153846,1,13,0.9487179487179487,18,0,0.0,-1.5746472347933287,200
13,3,39,1,0,1,1,36,0.23076923076923078,7,13,0.8461538461538461,3,0,0.0,-1.2400502413497851,200
14,1,14,0,1,1,1,14,0.07142857142857142,7,7,0.5,1,0,0.0,-0.08779149293391134,200
14,18,252,0,0,0,1,234,1.2857142857142858,14,14,1.0,18,0,0.0,-2.0835461059388765,200
13,11,143,0,2,0,1,858,0.8461538461538461,13,13,1.0,11,0,0.0,0.6805478407241233,200
13,16,208,0,1,1,0,208,1.2307692307692308,12,13,0.9951923076923077,16,0,0.0,-2.6233178232091965,200
13,18,234,0,2,1,1,1404,1.3846153846153846,1,13,0.9487179487179487,18,0,0.0,-1.5647295416201086,200
14,3,42,1,0,1,1,39,0.21428571428571427,7,14,0.8333333333333334,3,0,0.0,-1.2144459201280768,200
14,19,266,1,2,1,1,1729,1.3571428571428572,1,14,0.9511278195488722,19,0,0.0,-2.38360542549544,200
13,16,208,1,1,1,1,208,1.2307692307692308,6,13,0.9663461538461539,16,0,0.0,-3.1344809948723986,200
13,13,169,1,2,0,0,1014,1.0,1,13,0.9289940828402367,13,0,0.0,-2.046376059684075,200
14,18,252,1,1,0,1,252,1.2857142857142858,14,14,1.0,18,0,0.0,-3.472590674273723,200
14,10,140,0,0,0,1,130,0.7142857142857143,14,14,1.0,10,0,0.0,-1.63873764485634,200
14,20,280,0,2,0,0,1820,1.4285714285714286,1,14,0.9535714285714286,20,0,0.0,0.2400989228625361,200
14,20,280,0,2,0,0,1820,1.4285714285714286,1,14,0.9535714285714286,20,0,0.0,0.24489765475743305,200
13,13,169,0,0,0,0,156,1.0,1,13,0.5384615384615384,13,0,0.0,-0.6157468030393792,200
14,1,14,1,1,1,1,14,0.07142857142857142,7,7,0.5,1,0,0.0,-0.24469962735602432,200
13,14,182,0,0,0,1,168,1.0769230769230769,13,13,1.0,14,0,0.0,-1.9076995669883432,200
14,9,126,0,0,1,0,117,0.6428571428571429,1,9,0.35714285714285715,9,0,0.0,-0.7285138551569249,200
13,4,52,0,1,1,1,52,0.3076923076923077,6,13,0.8653846153846154,4,0,0.0,-0.8434416170118425,200
14,4,56,0,1,0,0,56,0.2857142857142857,1,7,0.2857142857142857,4,0,0.0,-0.521497860004838,200
13,9,117,0,0,1,1,108,0.6923076923076923,7,13,0.9487179487179487,9,0,0.0,-1.437607125955645,200
13,18,234,0,1,0,1,234,1.3846153846153846,13,13,1.0,18,0,0.0,-0.3310703872595617,200
14,7,98,0,1,1,0,98,0.5,13,14,0.9897959183673469,7,0,0.0,-1.455512003939204,200
13,5,65,0,0,1,1,60,0.38461538461538464,7,13,0.9076923076923077,5,0,0.0,-0.9113397853298841,200
14,12,168,0,0,1,0,156,0.8571428571428571,1,12,0.4642857142857143,12,0,0.0,-0.9649326904558183,200
14,12,168,0,2,0,1,1092,0.8571428571428571,14,14,1.0,12,0,0.0,0.6910364907464267,200
13,3,39,0,1,0,1,39,0.23076923076923078,13,13,1.0,3,0,0.0,-0.2101434830149583,200
13,14,182,0,0,0,0,168,1.0769230769230769,1,13,0.5714285714285714,14,0,0.0,-0.6359967642977989,200
14,5,70,1,2,1,1,455,0.35714285714285715,1,14,0.8142857142857143,5,1,0.2,-0.8738567614283951,200
13,16,208,1,2,0,0,1248,1.2307692307692308,1,13,0.9423076923076923,16,0,0.0,-2.4191904297865237,200
14,9,126,0,2,0,0,819,0.6428571428571429,1,14,0.8968253968253969,9,0,0.0,0.33868007933398,200
14,8,112,0,2,1,0,728,0.5714285714285714,1,14,0.8839285714285714,8,0,0.0,-0.9059304545696579,200
14,19,266,0,2,1,1,1729,1.3571428571428572,1,14,0.9511278195488722,19,0,0.0,-1.6922185405365417,200
14,2,28,0,0,0,0,26,0.14285714285714285,1,2,0.10714285714285714,2,0,0.0,-0.454735675076862,200
14,6,84,0,1,0,1,84,0.42857142857142855,14,14,1.0,6,0,0.0,-0.4219330853072649,200
14,1,14,1,2,1,0,91,0.07142857142857142,1,1,0.07142857142857142,1,1,1.0,nan,200
14,7,98,1,2,1,1,637,0.5,1,14,0.8673469387755102,7,0,0.0,-1.1567918617784634,200
13,15,195,1,2,0,1,1170,1.1538461538461537,13,13,1.0,15,0,0.0,-2.76004718563239,200
14,13,182,1,1,1,0,182,0.9285714285714286,13,14,0.9945054945054945,13,0,0.0,-3.3849141245260963,200
14,8,112,1,2,1,0,728,0.5714285714285714,1,14,0.8839285714285714,8,1,0.125,-1.4474134229223181,200
14,16,224,0,2,1,1,1456,1.1428571428571428,1,14,0.9419642857142857,16,0,0.0,-1.3825354402794718,200
14,17,238,1,0,1,0,221,1.2142857142857142,1,14,0.6176470588235294,17,0,0.0,-2.729439302490354,200
14,12,168,0,1,0,0,168,0.8571428571428571,1,14,0.7083333333333334,12,0,0.0,-0.9443301887074691,200
13,18,234,1,1,0,1,234,1.3846153846153846,13,13,1.0,18,0,0.0,-3.1893019104070195,200
14,13,182,1,0,0,0,169,0.9285714285714286,1,13,0.5,13,0,0.0,-0.9503381888218286,200
13,11,143,0,0,1,1,132,0.8461538461538461,7,13,0.958041958041958,11,0,0.0,-1.8186115879986198,200
13,7,91,0,0,0,0,84,0.5384615384615384,1,7,0.3076923076923077,7,0,0.0,-0.5209428850378587,200
14,6,84,0,0,1,1,78,0.42857142857142855,7,14,0.9166666666666666,6,0,0.0,-1.1714393762378459,200
13,19,247,0,0,0,0,228,1.4615384615384615,1,13,0.6842105263157895,19,0,0.0,-0.658750903270715,200
14,11,154,1,1,1,1,154,0.7857142857142857,7,14,0.9545454545454546,11,0,0.0,-3.457422877716083,200
14,18,252,0,1,0,0,252,1.2857142857142858,1,14,0.8055555555555556,18,0,0.0,-1.2912603630597013,200
13,7,91,1,0,0,0,84,0.5384615384615384,1,7,0.3076923076923077,7,0,0.0,-0.8519514643739926,200
14,10,140,1,1,0,1,140,0.7142857142857143,14,14,1.0,10,0,0.0,-3.6551080872976014,200
14,9,126,0,1,0,0,126,0.6428571428571429,1,14,0.6111111111111112,9,0,0.0,-0.8584356189923941,200
13,20,260,0,2,1,0,1560,1.5384615384615385,1,13,0.9538461538461539,20,0,0.0,-2.049303300140936,200
14,7,98,1,0,0,1,91,0.5,14,14,1.0,7,0,0.0,-3.7005086656086754,200
13,17,221,0,1,1,1,221,1.3076923076923077,6,13,0.9683257918552036,17,0,0.0,-2.6714498054057616,200
14,19,266,0,2,0,0,1729,1.3571428571428572,1,14,0.9511278195488722,19,0,0.0,0.2460096698004724,200
14,13,182,0,1,1,1,182,0.9285714285714286,7,14,0.9615384615384616,13,0,0.0,-2.622316859703202,200
13,1,13,1,2,1,1,78,0.07692307692307693,1,1,0.07692307692307693,1,0,0.0,-0.2826221125546242,200
14,10,140,0,1,0,1,140,0.7142857142857143,14,14,1.0,10,0,0.0,-0.47796969296665076,200
14,5,70,0,0,1,0,65,0.35714285714285715,1,5,0.21428571428571427,5,0,0.0,-0.44597644690320787,200
13,16,208,1,2,0,0,1248,1.2307692307692308,1,13,0.9423076923076923,16,0,0.0,-2.69227276726555,200
14,19,266,1,1,0,1,266,1.3571428571428572,14,14,1.0,19,0,0.0,-3.409842257961679,200
13,2,26,1,0,1,0,24,0.15384615384615385,1,2,0.11538461538461539,2,0,0.0,-0.6201178736750161,200
13,10,130,0,2,0,1,780,0.7692307692307693,13,13,1.0,10,0,0.0,0.7053199045743256,200
14,6,84,1,0,1,0,78,0.42857142857142855,1,6,0.25,6,1,0.16666666666666666,-0.910705157231423,200
14,4,56,0,1,1,0,56,0.2857142857142857,13,14,0.9821428571428571,4,0,0.0,-0.762144186972695,200
14,19,266,1,2,0,0,1729,1.3571428571428572,1,14,0.9511278195488722,19,0,0.0,-3.178192854489579,200
13,13,169,0,1,1,0,169,1.0,12,13,0.9940828402366864,13,0,0.0,-2.262376051291558,200
13,1,13,0,1,0,1,13,0.07692307692307693,13,13,1.0,1,0,0.0,0.09783796378387044,200
13,3,39,0,2,0,0,234,0.23076923076923078,1,13,0.6923076923076923,3,0,0.0,0.5453126400179069,200
14,6,84,0,2,0,1,546,0.42857142857142855,14,14,1.0,6,0,0.0,0.7873686591353427,200
14,7,98,1,1,1,0,98,0.5,13,14,0.9897959183673469,7,0,0.0,-3.3459936228304286,200
13,6,78,1,1,0,0,78,0.46153846153846156,1,11,0.46153846153846156,6,0,0.0,-0.8483096013306611,200
14,17,238,1,2,1,0,1547,1.2142857142857142,1,14,0.9453781512605042,17,1,0.058823529411764705,-2.9902662299011737,200
14,14,196,0,1,1,0,196,1.0,13,14,0.9948979591836735,14,0,0.0,-2.528986676400817,200
14,5,70,1,0,0,0,65,0.35714285714285715,1,5,0.21428571428571427,5,3,0.6,-0.6028356297041697,200
13,16,208,1,2,1,0,1248,1.2307692307692308,1,13,0.9423076923076923,16,0,0.0,-3.016382402392495,200
14,15,210,0,0,1,0,195,1.0714285714285714,1,14,0.5666666666666667,15,0,0.0,-1.258327556115867,200
13,5,65,0,2,1,1,390,0.38461538461538464,1,13,0.8153846153846154,5,0,0.0,-0.47819622363156267,200
14,17,238,0,2,1,0,1547,1.2142857142857142,1,14,0.9453781512605042,17,0,0.0,-1.8230044874988829,200
13,15,195,1,0,0,1,180,1.1538461538461537,13,13,1.0,15,0,0.0,-3.3341424507713056,200
13,15,195,0,1,0,0,195,1.1538461538461537,1,13,0.7846153846153846,15,0,0.0,-1.1481343524970062,200
13,14,182,1,1,0,0,182,1.0769230769230769,1,13,0.7692307692307693,14,0,0.0,-1.3909946201803618,200
13,16,208,1,1,1,1,208,1.2307692307692308,6,13,0.9663461538461539,16,0,0.0,-3.171452626781062,200
14,19,266,1,2,0,1,1729,1.3571428571428572,14,14,1.0,19,0,0.0,-3.064506357355759,200
14,7,98,0,2,0,0,637,0.5,1,14,0.8673469387755102,7,0,0.0,0.4626836394049433,200
14,19,266,1,2,0,0,1729,1.3571428571428572,1,14,0.9511278195488722,19,2,0.10526315789473684,-2.8259341616783455,200
14,17,238,0,2,1,0,1547,1.2142857142857142,1,14,0.9453781512605042,17,0,0.0,-1.8558376013025701,200
14,14,196,1,1,1,1,196,1.0,7,14,0.9642857142857143,14,0,0.0,-3.4003767621097216,200
13,12,156,0,1,0,0,156,0.9230769230769231,1,13,0.7307692307692307,12,0,0.0,-1.0011289259539153,200
14,12,168,1,2,1,0,1092,0.8571428571428571,1,14,0.9226190476190477,12,0,0.0,-2.0600559113904615,200
