n_qubits,n_layers,n_params,ansatz_type,entangle_pattern,entangler_gate,cost_global,n_entanglers,depth_ratio,grad_mean,grad_var,log_grad_var,samples,n_structural,frac_structural,var_mean_all,var_mean_nz,var_median_nz,var_min_nz,log_var,var_max,dC_mean,dC_max,dC_min,pred_log_var
8,2,16,0,2,1,0,56,0.25,-0.012221810035315162,0.2521293705524208,-0.5983765604089344,200,7,0.4375,0.032589049836285605,0.057936088597841065,0.001566910735452998,0.0011348991769286844,-1.237050828388634,0.25911446539100663,0.8263175772972456,1.117816319871042,0.48354975230648256,-1.2050129764763509
8,7,56,1,1,0,0,56,0.875,-0.003926742500192654,0.023254078034434588,-1.6335008744923905,200,31,0.5535714285714286,0.012769724155462995,0.028604182108237102,0.013482465730664155,0.00030033291935465566,-1.5435704656909246,0.1748829238273338,1.318553861881292,1.6428086970687414,1.1112578748792357,-1.5071907075844493
10,3,30,0,1,0,0,30,0.3,-0.015083468012416138,0.15395006257344165,-0.8126201302405174,200,21,0.7,0.028413248420568908,0.09471082806856303,0.06573233541807284,0.008322808653206257,-1.023600366280788,0.2220103246620063,1.0847351836290215,1.7784177382043826,0.5252339074193506,-0.9437395875514328
5,13,65,0,0,0,0,52,2.6,-0.017838242311978506,0.10237082515949676,-0.98982379607073,200,10,0.15384615384615385,0.05699003186530666,0.06735185584081696,0.06160414411683138,0.008174231830069864,-1.1716504330468334,0.18576454298741066,0.8943839829144142,1.3969966505368103,0.5268281912480587,-1.2013670291710448
9,14,126,0,0,1,1,112,1.5555555555555556,-0.000565193572291993,0.0019721620391027358,-2.7050574049135347,200,4,0.031746031746031744,0.0020016361675099445,0.0020672635828381395,0.0019707470234382385,0.001476613748591981,-2.6846041458816594,0.004405035350930636,0.8962479665922004,0.9387677325131779,0.8580201350104061,-2.6886701099963215
10,8,80,0,2,0,0,360,0.8,0.005645517690414479,0.006275537069122721,-2.2023491007353146,200,9,0.1125,0.0022910846161503322,0.0025815037928454444,0.0019380350893372367,0.0012293463137157674,-2.5881272325340015,0.009743812583140459,1.0133277693484424,1.261914275263826,0.7681409318444503,-2.5459469508523034
9,9,81,1,1,1,1,81,1.0,0.0026430673589119603,0.0011670584999145441,-2.9329073739860667,200,10,0.12345679012345678,0.0008829052932655643,0.001007258151471982,0.0009504704288946591,0.0004740021769275615,-2.996859209295776,0.002125949607297292,0.9996587502969065,1.056435534527475,0.9548520017332088,-3.0069459337230704
5,4,20,0,0,0,0,16,0.8,-0.022101895284321948,0.26352490317033517,-0.5791783375731894,200,10,0.5,0.07339561470476323,0.14679122940952644,0.12506038525551977,0.00691362145462049,-0.8332998921913071,0.2674931958595977,1.3270051188774223,1.6594482900788976,1.0502565527975583,-0.8639331958961862
4,12,48,1,1,0,1,48,3.0,0.002628568883070285,0.028304406716848023,-1.5481459438459646,200,3,0.0625,0.025761628577096855,0.027479070482236637,0.025826226706791827,0.012660987437028991,-1.56099796197868,0.055096323194468416,1.1511957422632193,1.352270008435763,0.9851418353806027,-1.56522042671316
11,10,110,1,2,0,1,550,0.9090909090909091,-0.0018938962979731114,0.00046635524684544356,-3.3312831327357895,200,10,0.09090909090909091,0.00042371360653293264,0.00046608496718622593,0.0004018830806212266,0.0001286668553918992,-3.331534904304819,0.0015980434811382854,0.9792388048336362,0.9872194780623625,0.9744505772585026,-3.363514139511734
7,1,7,0,0,0,1,6,0.14285714285714285,0.0040791934850427656,0.008473948083575654,-2.0719142010720697,200,0,0.0,0.008973723198485838,0.008973723198485838,0.008473948083575654,0.006314284283688607,-2.0470273307494793,0.01389598197720923,0.9791243224186824,1.0169458858895244,0.9198367673658796,-2.1871539375905362
3,18,54,1,1,1,1,54,6.0,-0.006759582401787906,0.051996596861272906,-1.2840250796870298,200,6,0.1111111111111111,0.0517370325686941,0.05820416163978085,0.05551024778864118,0.04129277995538194,-1.2350459618694145,0.12493475369693842,0.8729844904708087,1.2198330099847776,0.6493784790145354,-1.2387999243342733
8,2,16,1,2,0,0,56,0.25,0.06835342123534915,0.2847325179797973,-0.545562931262837,200,8,0.5,0.03391273888004874,0.06782547776009748,0.004672467237466713,0.0025653323259227203,-1.1686071384017038,0.2847325179797973,0.8470593943428945,1.0687776826315445,0.4893109522615232,-0.5219254883555008
10,16,160,0,0,1,1,144,1.6,0.0028479277380784947,0.0008646250257977984,-3.063172198355227,200,5,0.03125,0.000976347258803166,0.0010078423316677838,0.0009783207510443842,0.0007230723697358951,-2.9966074042421775,0.002158688109212329,0.7010251862065554,0.7461719016041354,0.6639943960500205,-2.9573372393998176
11,15,165,0,0,1,0,150,1.3636363636363635,-0.002271353838314041,0.0031166396383662193,-2.506313410144248,200,55,0.3333333333333333,0.001380852195261177,0.0020712782928917653,0.0023977411114846792,4.830941910384151e-07,-2.683761546230857,0.006816060208281357,0.9774267889866403,1.017422949432234,0.9281603568000917,-2.718247723231992
9,18,162,0,2,0,0,648,2.0,0.0023632599844135853,0.001954103507732773,-2.7090524356804013,200,8,0.04938271604938271,0.0019215891683959535,0.0020214119823386005,0.001988400075352296,0.0014312453280148122,-2.6943451642570273,0.00425490683143835,0.8733566945947756,0.944891853296076,0.8363838217772102,-2.7018810926634274
7,5,35,0,1,1,1,35,0.7142857142857143,-0.005335113780052386,0.008571837661871555,-2.0669260624576693,200,4,0.11428571428571428,0.008415920302680274,0.009501845503026114,0.008749477346467157,0.007035132242268124,-2.022192035349008,0.017370936356933712,0.8817571635953634,1.0180581230659465,0.8048652151883393,-2.0690163069496705
5,6,30,0,1,1,1,30,1.2,0.007114527267723991,0.029428924801316012,-1.531225604750048,200,3,0.1,0.029465143439388865,0.03273904826598763,0.029823214185083394,0.022684153573072498,-1.4849339498122145,0.060251378992350196,0.7392959241594017,1.1559387670315509,0.5074913894738425,-1.4546650721794048
8,1,8,1,0,1,1,7,0.125,2.2350737788538027e-18,1.2538393547365487e-33,-18.0,200,4,0.5,0.027660721622400845,0.05532144324480169,0.053935380349027534,0.04156320402290445,-1.2571064983914084,0.07185180825824727,0.8108184963099112,0.9945132927302381,0.5521004946229431,-0.7695912936618399
10,3,30,0,1,1,1,30,0.3,-0.007583452478496554,0.002433117048335172,-2.613836998252348,200,5,0.16666666666666666,0.0023932109935848414,0.0028718531923018096,0.0027700295350900493,0.0009333919217644579,-2.541837764778912,0.005485645005385207,0.9568867135764444,0.992288767174429,0.9289406180946509,-2.5974963002016134
12,2,24,0,1,1,1,24,0.16666666666666666,-0.0012450282232633523,0.0016415558905216988,-2.784744326134796,200,6,0.25,0.0006111992702247424,0.0008149323602996564,0.000788508748806988,0.00042177405420795494,-3.088878436373734,0.0016415558905216988,1.0027892645552732,1.0145360075651524,0.9918695945562102,-2.97277054285084
2,9,18,1,2,1,1,9,4.5,-3.2092384305570933e-18,8.489130559830516e-33,-18.0,200,7,0.3888888888888889,0.09613146313737003,0.15730603058842368,0.15010782508063192,0.06318861077109551,-0.8032546276559785,0.23727759620040204,1.0709445592409004,1.7563611889868345,0.38913670036880943,-0.9196411519534118
7,7,49,0,1,1,1,49,1.0,-0.010030687642177011,0.006733708615042502,-2.1717456805848645,200,4,0.08163265306122448,0.007602907301114776,0.008278721283436088,0.007884539732887885,0.005904643289924574,-2.082036738388284,0.019572153038512684,1.01356876481566,1.098582474660351,0.8789798152834277,-2.0888444915725164
4,4,16,0,1,1,0,16,1.0,0.011860337633537901,0.061805488803943404,-1.2089729544999588,200,1,0.0625,0.06606925073793732,0.07047386745379983,0.06503767831390253,0.04397366154720314,-1.1519718947045674,0.10699068968154701,0.7504687594099232,1.093364314162896,0.4514309728894621,-1.175795034760394
7,19,133,0,2,0,0,399,2.7142857142857144,-0.0056803042425803115,0.00861374694793559,-2.0648078909585457,200,6,0.045112781954887216,0.007643569847262533,0.008004683383353675,0.007813584758020698,0.006021981550550393,-2.0966558414563328,0.018659669547330945,0.9476452706825592,1.0248593957329093,0.8582262700517015,-2.1245497378696045
4,10,40,1,0,0,0,30,2.5,0.027409180650457502,0.07718710913262665,-1.1124552242760875,200,7,0.175,0.03380181678632974,0.040971899134945144,0.034399653211650574,0.0026085438955609098,-1.3875139051044236,0.11760873067686939,1.0691260728132612,1.4332810853222662,0.8232033121119784,-1.2965074079126089
4,4,16,1,0,0,1,12,1.0,0.00553606844902196,0.041694155964601534,-1.3799248133760782,200,4,0.25,0.024150496782410984,0.03220066237654798,0.03691903747363244,0.011014648414975287,-1.492135194654448,0.046215637881284695,0.9424493522318657,1.0633757994932131,0.7479883830722951,-1.460538609515725
9,4,36,0,2,1,0,144,0.4444444444444444,-0.0003641627452689311,0.06426139353516885,-1.192049860825085,200,8,0.2222222222222222,0.00969408185429873,0.01246381952695551,0.003280876817524715,0.0014233600460049547,-1.9043488481033788,0.07856820918299473,1.2217572760296223,1.6554863855671542,0.9421183167908076,-1.8542673495227553
12,8,96,1,1,0,0,96,0.6666666666666666,0.01325176725699839,0.00855525305474409,-2.0677671399915427,200,53,0.5520833333333334,0.007077385295762277,0.015800674148678567,0.003641049815489531,2.0325222182317303e-05,-1.8013243831211998,0.16883128486469648,1.0949820157663135,1.4662834827971802,0.7966614875530561,-1.6716810394261958
3,15,45,0,1,0,1,45,5.0,0.04074647303095186,0.13075199624172237,-0.8835516718668338,200,0,0.0,0.12407964739892348,0.12407964739892348,0.12345083983702775,0.08174654212298633,-0.9062994493411264,0.2072544195090301,1.1398114651743596,1.7025197351045707,0.8539917441833698,-0.9100542308201085
8,7,56,1,2,0,0,196,0.875,0.012365137117423637,0.0804079694228094,-1.0947009051716146,200,31,0.5535714285714286,0.006437073190948187,0.014419043947723935,0.0037717245286729463,0.0009861419814620922,-1.841063534484326,0.0804079694228094,1.017656692490365,1.0510496507964233,0.9856237516360307,-2.044631460397562
6,20,120,1,1,1,1,120,3.3333333333333335,0.0024264549134965256,0.00831649807633918,-2.080059508598857,200,9,0.075,0.0074130996478354305,0.008014161781443709,0.007832413734747716,0.005523084891648008,-2.096141894735975,0.018021584060669518,0.9093581446478142,0.9513296651023829,0.8605060106711,-2.1003937113492333
5,5,25,0,1,1,1,25,1.0,-0.0215431118637546,0.03214362809287549,-1.4929051054261626,200,3,0.12,0.03250888089270805,0.03694191010535005,0.03439365599830939,0.027078398767461667,-1.4324806528382017,0.06678142844732321,1.1346090501713508,1.3075481722173103,0.8261609178573954,-1.4573905494597983
6,2,12,0,0,1,0,10,0.3333333333333333,0.0011101065949332045,0.42002736059909873,-0.37672241872070283,200,9,0.75,0.07742820047922927,0.3097128019169171,0.3842374225559832,0.12487362259566932,-0.5090408427963723,0.42002736059909873,0.8021370723821564,1.3450253177272833,0.03453706770643894,-0.5534828220621247
11,14,154,0,2,1,1,770,1.2727272727272727,-3.467820648694886e-18,6.558100001457009e-34,-18.0,200,55,0.35714285714285715,0.0019067547526642654,0.0029660629485888574,0.0031330663460699287,2.895415672357881e-07,-2.527819636202214,0.010065236388630995,0.9730491627442003,1.0232883952273755,0.8899662727860215,-2.5565502051053324
10,20,200,0,0,1,0,180,2.0,-0.000760190809531528,0.00109180976038808,-2.961853027575636,200,45,0.225,0.0007305460674368047,0.000942640087015232,0.0010382709869559718,3.033462643771952e-06,-3.0256540952369777,0.0021654531093682158,0.9210264833080775,1.0781924333679576,0.8294978603503026,-3.012545583025769
9,20,180,0,0,0,0,160,2.2222222222222223,-0.003234441075657295,0.08165843043453298,-1.0879989719537067,200,36,0.2,0.02339055124323437,0.029238189054042962,0.01900562538676433,0.00018537718981535107,-1.5340495300791621,0.1321644978241863,0.9878546164175157,1.1159737640617728,0.7574653520883086,-1.579576748326198
5,11,55,0,2,1,1,110,2.2,-0.007098427063730257,0.011419546515234098,-1.9423511421358708,200,10,0.18181818181818182,0.025990021813768308,0.03176558221682793,0.03170327431121392,0.0037268560991596416,-1.498043180270844,0.06397160122915642,0.8811202600277545,0.9637619329436539,0.8277490174665774,-1.4632101949486296
6,5,30,0,0,1,0,25,0.8333333333333334,-0.005168067697394629,0.1269308706777224,-0.8964327409115146,200,15,0.5,0.041801770481964255,0.08360354096392851,0.07888233943981299,0.004184286566477346,-1.07777532796137,0.1828292021111105,1.1635351164484984,1.4223821510106582,0.7071210659075604,-1.1408947319345988
11,6,66,1,2,0,1,330,0.5454545454545454,0.0017074352990548998,0.0007118726027456122,-3.147597721075304,200,6,0.09090909090909091,0.0006193614156357528,0.0006812975571993282,0.0005333012551668292,0.00017984779139519524,-3.166663168225954,0.0017529071614603292,1.0151668115905508,1.0453308981910447,0.995801036379976,-3.0395507041035987
4,17,68,0,0,1,0,51,4.25,0.021197185277005,0.061060339309678524,-1.2142407866749003,200,6,0.08823529411764706,0.053609748453292874,0.05879778862619217,0.0573755418062452,0.01662532159269838,-1.2306390073507651,0.11821644863515525,0.9469921768797436,1.4490309117895337,0.5351372923231177,-1.232623753253773
4,18,72,1,2,1,0,108,4.5,-0.010401083860191744,0.032214029617356685,-1.4919549463655832,200,6,0.08333333333333333,0.025628152913274773,0.027957984996299753,0.02761114184776805,0.012543426057954108,-1.55349413251587,0.05581176362988268,0.9922401666617287,1.1266108251325417,0.7826628168315486,-1.5429393887095997
11,9,99,0,1,0,1,99,0.8181818181818182,0.0019080911328602677,0.0006891260891053678,-3.161701308146518,200,0,0.0,0.0005365133289276897,0.0005365133289276897,0.0004911181872854666,0.00030534436592269854,-3.2704194841214433,0.0014864069741488844,0.9990517923293503,1.0182981687388781,0.9787767385842001,-3.17066869249029
7,19,133,0,1,0,1,133,2.7142857142857144,0.000781749100926577,0.007656025735925059,-2.1159966153368224,200,0,0.0,0.009395368692522561,0.009395368692522561,0.008819701078211678,0.00673681322486239,-2.0270861726697573,0.02111793990058274,1.0925763319640902,1.139846633175312,1.04459560201001,-2.0297096319657943
12,11,132,0,0,1,1,121,0.9166666666666666,-0.0002017120704821055,0.00020398704633849753,-3.69039741042866,200,6,0.045454545454545456,0.0002604530632216712,0.0002728555900417508,0.0002594648450097892,0.0001948053301839062,-3.564067144320208,0.0005723893503683782,1.009487553803385,1.0313803406685693,0.9950959986801333,-3.546386179142551
11,4,44,1,1,1,1,44,0.36363636363636365,0.0004561245723809055,0.00033727940820808626,-3.472010172817881,200,15,0.3409090909090909,0.00016403760083083164,0.00024888463574333086,0.000224516541036779,2.621606203618597e-05,-3.6040019126234037,0.0007954943943455436,0.9982186184079703,1.0025660386281938,0.9952443649042185,-3.469244044991797
3,3,9,0,2,0,0,9,1.0,-0.006113476314137953,0.27363830836971803,-0.5628231030449142,200,2,0.2222222222222222,0.12548694653008327,0.16134035982439277,0.10504932463506723,0.07120210842882166,-0.7922569788200167,0.27363830836971803,1.4958570459738947,1.9502341169319322,0.9515986614338823,-0.7714505097600797
6,12,72,1,0,0,1,60,2.0,-0.008726673390216658,0.007227776624986443,-2.1409952778093384,200,4,0.05555555555555555,0.006167590798313031,0.006530390257037326,0.005953436498879474,0.002975924946919445,-2.185060864450276,0.014177444135980946,1.0177737741532418,1.027272333017259,1.0086405442823094,-2.1930881673505516
3,1,3,1,2,1,1,3,0.3333333333333333,2.5478751053409355e-19,1.768721416410737e-33,-18.0,200,2,0.6666666666666666,0.16156793839880548,0.4847038151964164,0.4847038151964164,0.4847038151964164,-0.3145235618488726,0.4847038151964164,0.7357227341024482,1.288302108060006,0.2925964175314759,-0.308670851475134
12,13,156,1,2,1,0,858,1.0833333333333333,-0.006134600565633801,0.006114513440751682,-2.213638096011814,200,21,0.1346153846153846,0.0003942141172382701,0.00045553631325311207,0.00010309888998719778,2.629825512324442e-05,-3.3414769973587144,0.010429469791327039,0.8963947168249696,1.014382442348375,0.6677688505743387,-3.407615638141237
7,3,21,1,2,1,0,63,0.42857142857142855,-2.048057903825118e-18,2.2630888828245488e-33,-18.0,200,20,0.9523809523809523,0.02491178002636494,0.5231473805536637,0.5231473805536637,0.5231473805536637,-0.28137594489101025,0.5231473805536637,1.9711976295925202,1.9805060948049016,1.9543938685864126,-0.7474993908116806
3,17,51,0,1,1,0,51,5.666666666666667,0.010687416783882,0.11352463196021541,-0.9449098973803687,200,2,0.0392156862745098,0.11259071229419486,0.11718625157150893,0.11105283267662297,0.09097066800207075,-0.9311233372673254,0.20696066909953154,1.5162752204851306,1.7383157174471484,1.315619640037801,-0.9057399082877082
3,1,3,0,2,1,1,3,0.3333333333333333,-4.570498122623044e-18,1.5886838549748066e-33,-18.0,200,2,0.6666666666666666,0.17403584195459132,0.522107525863774,0.522107525863774,0.522107525863774,-0.2822400466522375,0.522107525863774,1.0247325923472845,1.8369316041034933,0.27912762283813897,-0.32167607765466577
2,17,34,0,0,0,0,17,8.5,0.02881103308555246,0.22782852934872275,-0.6423918932379296,200,1,0.029411764705882353,0.21559397762239577,0.22212712845943805,0.22037602646248367,0.1557444906425202,-0.6533983976840642,0.3388396265708928,0.6637422299408627,1.269115008542323,0.060901454236356845,-0.6480029194045427
10,8,80,1,2,1,0,360,0.8,4.009277965789093e-05,0.11559845851198194,-0.9370479571283247,200,19,0.2375,0.004688640953931477,0.006149037316631445,0.00032841804334283624,0.00012123186246087407,-2.2111928713466438,0.12412746704668268,1.1964724653263203,1.579215113706369,0.9328082928341287,-2.3991816449079617
5,13,65,0,1,1,1,65,2.6,-0.012281317851109665,0.028825683406958805,-1.540220387542274,200,3,0.046153846153846156,0.03020749368292305,0.03166914660306449,0.030561992776356572,0.022937928619249138,-1.4993636395195813,0.06401912209760464,0.9236421603837662,1.25585081021939,0.6562771469802611,-1.504316872802022
9,3,27,1,2,1,1,108,0.3333333333333333,-1.7468008597819394e-18,2.7869562089134917e-33,-18.0,200,23,0.8518518518518519,0.02300531943747001,0.15528590620292257,0.15775802885295448,0.06701849079046418,-0.8088679591848793,0.23860907631531716,1.0612336656533363,1.130426248872014,0.948509701328946,-0.797527247295289
8,2,16,0,0,1,1,14,0.25,-5.350985286787119e-19,5.056859276316438e-34,-18.0,200,4,0.25,0.007936690342760134,0.010582253790346845,0.011194191553905553,0.0044452848400673775,-1.9754218271523363,0.016799684392803535,0.8890707690338954,0.9979374130886548,0.6881714065429931,-2.018569872841817
3,18,54,1,2,0,1,54,6.0,-0.02572368167446792,0.0540724484784492,-1.2670239644986507,200,3,0.05555555555555555,0.056456796052787146,0.05977778405589228,0.057872882783138735,0.026050154830556435,-1.2234601881614988,0.1405583806761709,1.0048989618261575,1.26013292930626,0.720652066312781,-1.2352248544543993
5,18,90,1,2,1,0,180,3.6,-0.003293660672174585,0.014924309611451112,-1.8261057499052638,200,9,0.1,0.013513402344082106,0.01501489149342456,0.014872151913048423,0.007175610077136471,-1.8234778019250224,0.03418129001502564,1.0107548666091706,1.2473632428181893,0.814281076991581,-1.832859365802787
2,12,24,1,1,0,0,24,6.0,-0.008978074990564149,0.23690184132473602,-0.6254315637007702,200,12,0.5,0.12283693598401078,0.24567387196802148,0.23180820050456064,0.16432691934112462,-0.6096410293705281,0.3410821300534211,0.7982256432014568,0.9921407232734791,0.5946174695470883,-0.6425896418222439
10,16,160,1,1,1,0,160,1.6,-0.0015215513409085246,0.0004034200198895631,-3.3942425535406375,200,17,0.10625,0.0004433432750929319,0.0004960484196843994,0.00048115120864360616,0.0002785766067944654,-3.3044759296077517,0.0010460522275829189,0.4915186824281879,0.5156716741131043,0.4521079313321585,-3.2872340929651283
7,14,98,1,1,0,1,98,2.0,-0.005188805797986032,0.003579012297717675,-2.4462368093435103,200,5,0.05102040816326531,0.003349266895194728,0.0035293350078396055,0.003334023894251289,0.001779050454788127,-2.452307116037652,0.007570720297127702,1.0557348932854664,1.0705848388690895,1.0463745371375393,-2.4592835216549256
3,5,15,1,2,0,0,15,1.6666666666666667,-0.000697353416125246,0.20615466772696994,-0.685806827512555,200,7,0.4666666666666667,0.05177541540050697,0.09707890387595058,0.050552796739999045,0.031068640580781102,-1.0128751359589083,0.20615466772696994,1.1530078605651604,1.6451374445089635,0.7297225857750921,-1.0311700661805883
5,12,60,0,2,1,0,120,2.4,-0.01087275852322001,0.034226809887848715,-1.4656335774226645,200,4,0.06666666666666667,0.030090460998533727,0.03223977964128614,0.031269391156747726,0.023137541161102476,-1.4916079352571618,0.06102178463879028,0.8967177186891139,1.1094041446922045,0.5661780125217433,-1.5193780552150422
7,3,21,1,2,0,0,63,0.42857142857142855,-5.9387512811072405e-18,5.1828652086753556e-33,-18.0,200,20,0.9523809523809523,0.02426229730387734,0.5095082433814241,0.5095082433814241,0.5095082433814241,-0.2928487851097559,0.5095082433814241,1.0874404869789196,1.837108883301769,0.40905403066312185,-0.495978125995916
3,13,39,1,1,0,1,39,4.333333333333333,0.016074838822118406,0.06788950157529472,-1.1681973797759515,200,1,0.02564102564102564,0.06204415701254728,0.06367689798656168,0.06047390240451027,0.04155552637913531,-1.1960181013654338,0.11272808226241546,0.9392169510760162,1.398208764219299,0.5813757405102067,-1.2426805768647002
11,13,143,1,0,0,1,130,1.1818181818181819,0.0004636737890744945,0.00020453544961587255,-3.6892314102076456,200,9,0.06293706293706294,0.00018840912671280562,0.0002010634710442627,0.00019304925710596997,0.00010903940644384586,-3.6966668243059146,0.00045954682786812916,0.9940116597790817,1.0071926550777064,0.9836871401861599,-3.7173663155666397
6,14,84,0,2,1,0,210,2.3333333333333335,-0.007305134502221708,0.014072366365006543,-1.8516328668259279,200,5,0.05952380952380952,0.015033130865581647,0.015984594844415927,0.015671084937175273,0.012548359538623922,-1.7962983671535953,0.03406880561773533,1.0105147969859167,1.1066265644961923,0.9437839283686745,-1.7828327752857616
12,7,84,1,1,0,0,84,0.5833333333333334,-5.9922595326233895e-06,0.07462988094896401,-1.127087251174047,200,72,0.8571428571428571,0.008402522367412953,0.05881765657189067,0.04080816673797098,0.009350081210866345,-1.2304922827560294,0.16446221234944672,1.376244875484889,1.7804395746444306,1.078159865985426,-1.4448282342564895
8,13,104,0,2,0,1,364,1.625,0.0042704853340262165,0.0035135839413816,-2.4542496664775917,200,0,0.0,0.004384171646212203,0.004384171646212203,0.004084539413800964,0.0032790276688260535,-2.358112450978178,0.009360574353361916,1.0552485331518677,1.1378962983882763,0.9823826680409015,-2.355375258377035
7,2,14,1,0,0,0,12,0.2857142857142857,0.010263849235199516,0.2929744839765278,-0.5331702020033621,200,12,0.8571428571428571,0.03743782597815702,0.26206478184709914,0.26206478184709914,0.2311550797176704,-0.5815913387525643,0.2929744839765278,1.2339462161886405,1.5308866204522398,0.8359300130940045,-0.4520996158976454
6,3,18,1,1,0,1,18,0.5,0.011556742188144602,0.011978516309163745,-1.9215969714832166,200,4,0.2222222222222222,0.009430297268307686,0.012124667916395599,0.012176342130657563,0.005018583049873206,-1.9163301474928707,0.022452465675733446,1.0752163267498567,1.268724419765801,0.9236907454674992,-2.1058536892619992
2,19,38,1,0,1,0,19,9.5,0.0289574258368424,0.10197852589984797,-0.9914912700522948,200,1,0.02631578947368421,0.11013443740994938,0.1131110438264345,0.10699087502015744,0.05005008526747294,-0.9464949897807776,0.20631077934694095,1.1690676428871296,1.7879960966728545,0.30083305643731295,-0.9632595508889767
11,15,165,1,0,1,0,150,1.3636363636363635,-0.001277011288190894,0.001281980244513553,-2.89211866730149,200,87,0.5272727272727272,0.0003911141717803478,0.0008273569018430433,0.0005544332099346705,1.4169956030633227e-05,-3.082307105847133,0.004209274182848877,0.9819705232836059,1.004251199792609,0.9409295405281608,-3.249516924927258
4,19,76,0,2,0,0,114,4.75,0.020325231668532125,0.06061515064698088,-1.2174188111472006,200,3,0.039473684210526314,0.05846512483663607,0.0608678011997855,0.05918409645323574,0.03597269503958329,-1.2156123865014312,0.12103760061502507,0.9579113636207781,1.5586131861547594,0.43691077604407047,-1.2183810459366355
10,14,140,0,2,0,1,630,1.4,-0.0016211292247487197,0.0010025334700298695,-2.9989011193495396,200,0,0.0,0.0010794447358698658,0.0010794447358698658,0.001009389799448554,0.0007036466281754178,-2.966799587253918,0.0022541491087107917,0.7346396150668322,0.8542051589193587,0.6419719703720217,-2.9597686594137267
2,14,28,0,0,0,0,14,7.0,0.048755987765036174,0.22086707961761043,-0.6558690111808967,200,1,0.03571428571428571,0.2278584187911672,0.23629761948713635,0.23244009369424506,0.1615838320401267,-0.6265406535212846,0.3622649946334615,1.3014937182479465,1.6119104095363954,0.6892774269927047,-0.6358052150978423
4,4,16,0,1,1,1,16,1.0,-0.00019500655281207147,0.0631481553074297,-1.1996393315932978,200,2,0.125,0.06363667318780893,0.07272762650035304,0.06721193867921116,0.02831987426580531,-1.138300585598091,0.13297404888932954,0.8976698140560287,1.4346889211466216,0.31925132306862813,-1.1394285589288888
7,1,7,0,1,1,1,7,0.14285714285714285,2.4216504657311626e-18,1.649281702950812e-33,-18.0,200,4,0.5714285714285714,0.050601364713765036,0.11806985099878509,0.11773014813616521,0.11339278417425193,-0.9278609848287469,0.12308662068593815,0.9844118716939901,1.2288889137053705,0.6784502621424205,-0.976753529722261
11,10,110,0,1,0,0,110,0.9090909090909091,0.008209671032772928,0.02541052442021569,-1.594986371925007,200,30,0.2727272727272727,0.006708891731016132,0.009224726130147184,0.0053609403009985315,5.679296291797775e-05,-2.035046518603201,0.04149050877237784,0.9381802495582221,1.2935761963926584,0.6422849744363781,-2.0570517605997787
5,15,75,0,2,1,0,150,3.0,0.018199245066417073,0.025335609162468117,-1.5962686491898483,200,4,0.05333333333333334,0.029598251566004073,0.03126575869648318,0.030206302303452913,0.021571835438909604,-1.5049310282435637,0.05382017889196567,0.9374510998103659,1.1698624035403897,0.8022986944042623,-1.5238202667550433
5,12,60,0,0,1,0,48,2.4,-0.007898554522227838,0.033006040558250176,-1.4814065709995776,200,10,0.16666666666666666,0.02556542579110865,0.03067851094933038,0.03110825014685393,0.004755369157387722,-1.5131657236729599,0.06641154830947886,0.9537316546038629,1.2304934511632257,0.7760893297301,-1.4874061436361303
3,20,60,0,0,0,0,40,6.666666666666667,0.016090170500946833,0.11774423705891278,-0.9290603400356886,200,3,0.05,0.12182336845471005,0.12823512468916848,0.12349743869286552,0.05773469890722681,-0.8919930015774915,0.2490505548975834,0.7673730965236857,1.0544330567024431,0.4398564858292925,-0.8782803723155975
11,13,143,0,0,0,0,130,1.1818181818181819,-0.003446878434116133,0.08506385829946078,-1.0702549225841018,200,55,0.38461538461538464,0.021963161244870175,0.035690137022914036,0.018805331346171825,1.4086733653757044e-06,-1.4474517846814585,0.16881668539233058,1.1423751156553608,1.413084202130526,0.6212840914006502,-1.4218342692247596
7,17,119,0,2,1,1,357,2.4285714285714284,-0.001762131467896241,0.00248899385253208,-2.603976176036924,200,21,0.17647058823529413,0.006173455079336983,0.007496338310623478,0.007805177319408968,0.0005261119326066077,-2.125150821917304,0.017492193753840694,0.9840862897604326,1.0572555086051925,0.9271884089993958,-2.116870257309099
12,7,84,0,0,1,1,77,0.5833333333333334,-0.0008504546992116533,0.0002953957648535559,-3.5295957355437575,200,6,0.07142857142857142,0.00033437821811229974,0.0003600996195055536,0.0003309593473978924,0.00021987839523345343,-3.4435773375199275,0.0008734066806605157,0.9897007733753238,1.0004452189818647,0.9758637298602908,-3.4334271390332236
7,17,119,0,0,1,1,102,2.4285714285714284,0.006731264794515447,0.006688405714835906,-2.1746773907170267,200,3,0.025210084033613446,0.007813150299284607,0.008015214531162657,0.007664948189574939,0.005394656037783964,-2.0960848490486685,0.016124342313316428,0.9232054107908771,1.0025950901971115,0.851247679695225,-2.098285395678858
4,7,28,0,1,0,0,28,1.75,-0.014346785154107079,0.11399865677910563,-0.9431002658289586,200,4,0.14285714285714285,0.06107585216868972,0.07125516086347135,0.06618165213093526,0.02896841496514145,-1.1471836751319728,0.14774215696707546,1.0024573088774946,1.2327043604713706,0.7561373932193667,-1.1421728797736252
12,2,24,1,1,0,1,24,0.16666666666666666,0.002402908352197878,0.0002819318398740769,-3.5498558744626894,200,8,0.3333333333333333,0.00014134910048513744,0.00021202365072770616,0.0001849752651440109,7.124403771101138e-05,-3.673615691865397,0.00043895617439650007,0.6728471993226229,1.0372037535018657,0.000984633842928435,-3.399751007990353
3,9,27,1,2,1,0,27,3.0,0.006765798767832775,0.047626730306248005,-1.3221492328637297,200,4,0.14814814814814814,0.04869063640372984,0.057158573169595876,0.050696750829286284,0.021708676202938502,-1.242918620894106,0.1203464392941388,1.0554266857440266,1.1122277176157638,1.0081450322567784,-1.2265124585590814
12,4,48,0,2,1,1,264,0.3333333333333333,4.618572437870424e-20,6.220961432811124e-33,-18.0,200,38,0.7916666666666666,0.02602453288274756,0.12491775783718828,0.13153314290188223,0.00851856923753678,-0.9033758195721276,0.2235900739119943,0.8349125637911031,1.195479045611,0.3830321880215647,-0.9355108083252933
3,13,39,0,2,0,1,39,4.333333333333333,0.040288654018544895,0.10539265313913912,-0.9771896624853277,200,0,0.0,0.12433991677872595,0.12433991677872595,0.12043775651459489,0.08016621478706262,-0.9053894276430455,0.236205190103595,1.3349986612193743,1.3810918559558525,1.252925769346616,-0.9106966764361134
10,12,120,0,1,0,1,120,1.2,-0.0003481430134368356,0.000995092976876645,-3.002136338894492,200,0,0.0,0.0011861293771890098,0.0011861293771890098,0.0011397618400453835,0.0007014037853881526,-2.9258679376709007,0.0024158759238956874,1.007938585450804,1.0879176194383153,0.9624251329471081,-2.9130824211925304
4,12,48,0,0,0,0,36,3.0,-0.00039872023412229396,0.13080766896442209,-0.8833667935400698,200,6,0.125,0.07736303908563381,0.08841490181215292,0.08561532698027266,0.03062165298384153,-1.053474531034801,0.18202225387561224,1.2289480279601575,1.7906899918083208,0.555432411829116,-1.0674698430691851
10,14,140,1,1,1,1,140,1.4,0.0005048456459930243,0.00048780577149138234,-3.3117530656212395,200,9,0.06428571428571428,0.0004618248526883522,0.0004935532776822085,0.00048510040775946327,0.0002541493894449555,-3.3066659596012444,0.0010135135810744275,0.43088977126798494,0.4570698699856306,0.395935680858579,-3.3352729780895487
7,12,84,1,2,1,1,252,1.7142857142857142,-1.723881454251952e-18,1.6334715343306205e-33,-18.0,200,34,0.40476190476190477,0.0039281399702435936,0.006599275150009236,0.004261706880427129,0.0005990621483549234,-2.1805037637973657,0.028838076034288493,1.0426448514306037,1.2032609009558457,0.9429418194208902,-2.3457134901096834
10,19,190,0,1,1,0,190,1.9,-0.0003357859125352479,0.0010427635236211874,-2.981814169071705,200,1,0.005263157894736842,0.0010293188759014328,0.0010347650075199588,0.0009981855450212072,0.0007665400212374844,-2.985158266173068,0.0024764595935246243,0.7282132671538832,0.7561982516118578,0.6965219377112905,-3.0159370528292
5,4,20,1,1,1,0,20,0.8,0.005780871387297006,0.024028665605014012,-1.6192703464025162,200,2,0.1,0.019509112646943758,0.02167679182993751,0.017648394611976294,0.006429771524592353,-1.6640049930586378,0.04397787973650479,1.0416076504816196,1.3849309887619072,0.8189359505543354,-1.622998642791568
8,10,80,0,1,0,0,80,1.25,0.004387780363523411,0.024519918415275,-1.6104809791721715,200,16,0.2,0.008855999038478852,0.011069998798098566,0.009309003857581162,0.0010784510738754607,-1.9558524262738688,0.031919528405218285,1.0191155605155051,1.1978522112279295,0.7948474059953085,-1.899226687937626
8,14,112,1,2,1,0,392,1.75,-0.007827499614688656,0.005378709511471859,-2.2693219100723967,200,14,0.125,0.0018127039777018053,0.002071661688802063,0.0017544175142762762,0.0007943325938289906,-2.6836811652794372,0.00928562887575142,0.9152918673512055,0.9891388125339009,0.7787138165939603,-2.693954774920852
9,4,36,1,0,0,1,32,0.4444444444444444,0.0004348898035016051,0.000412488930909674,-3.3845877011973253,200,7,0.19444444444444445,0.0003059980349839992,0.00037985962963530935,0.0003540039198667201,0.00010404582556562812,-3.420376859533573,0.0008224176913925454,1.0001769697831404,1.001899795546326,0.9982450774131535,-3.099272540183138
7,20,140,1,0,1,0,120,2.857142857142857,-0.0036457822318805943,0.004220537781823974,-2.374632207616968,200,27,0.19285714285714287,0.003013492106475581,0.0037335300434210737,0.0036981656933138913,0.0013050356609668058,-2.4278803495883055,0.008015005597075632,0.9698150649120197,1.053018775157458,0.9024563024884844,-2.4238761337029673
8,10,80,0,0,1,0,70,1.25,0.01947506726171572,0.021989190661391492,-1.657790755075777,200,28,0.35,0.008353859704344496,0.012852091852837684,0.014730833347513742,4.2418216799388296e-05,-1.8910261792426792,0.031252390779927294,1.2369842027592395,1.4949165586236999,0.9122967975297808,-1.9624720982875261
5,5,25,1,1,1,1,25,1.0,-6.790755236583891e-19,9.419166962770335e-34,-18.0,200,23,0.92,0.020049873897177634,0.2506234237147204,0.2506234237147204,0.24769360449083788,-0.6009783415036791,0.25355324293860293,1.1175051462155219,1.4166972714042991,0.5404371619548785,-1.6489053879166102
4,19,76,1,2,0,0,114,4.75,0.024864462874006697,0.029517334273607126,-1.5299228664471611,200,5,0.06578947368421052,0.027489142056036878,0.029424997130405674,0.029588660382909828,0.015396729586901301,-1.5312835708379362,0.07190019901765671,1.1184178853197924,1.385416190148845,0.8115324332903759,-1.5323446668231337
5,4,20,0,2,0,0,40,0.8,0.019818477753271713,0.14752812090290127,-0.8311251892524468,200,4,0.2,0.04381990029832374,0.05477487537290468,0.035811018468125996,0.022144744049940122,-1.261418601899094,0.14752812090290127,0.8544945872897797,1.3068058355393937,0.502779456589777,-1.2281659175598898
3,17,51,1,0,0,0,34,5.666666666666667,-0.006093196687996044,0.05424927646223018,-1.2656060497477526,200,9,0.17647058823529413,0.04635632737186077,0.056289826094402355,0.054076257580961115,0.015286769255940382,-1.2495700930764846,0.12159798236061223,0.8624457542614657,1.061952917807658,0.6587151762482354,-1.2396646554537523
3,8,24,1,2,0,1,24,2.6666666666666665,0.02094033014929902,0.06451723452871788,-1.1903242565133583,200,3,0.125,0.05853400421050117,0.06689600481200134,0.06468397608373432,0.02159141520513639,-1.1745998185537425,0.12232990277076608,1.2055118795882283,1.5469105365726563,0.8602847496277839,-1.2174216873139605
6,9,54,0,1,1,0,54,1.5,0.00692398419303588,0.015396333207552699,-1.8125826984714746,200,1,0.018518518518518517,0.016612789409523362,0.016926238266306824,0.015866470842980877,0.011868197612982044,-1.7714395499661326,0.031010143376757147,0.9768441811512041,1.0751696520905176,0.8257266926987814,-1.8230441916045654
8,9,72,0,2,0,1,252,1.125,0.006153892626325382,0.0051709295568595015,-2.286431378545004,200,0,0.0,0.004938037322626993,0.004938037322626993,0.004413563474926499,0.003566006056059719,-2.306445631911236,0.010057330313686165,1.0260332535084506,1.1029908729259377,0.9270147757350206,-2.353166378117891
11,11,121,0,1,0,1,121,1.0,0.0012860930297314607,0.0005959659303712273,-3.2247785668951625,200,0,0.0,0.0007186525957892243,0.0007186525957892243,0.0006812409857545805,0.00043005394323638875,-3.143481001401973,0.0014759602950434943,1.0035903516834275,1.0247607079137537,0.9701776767679551,-3.2154681997781984
5,13,65,1,2,0,0,130,2.6,-0.015207497308983941,0.03345191588075294,-1.4755790039765322,200,20,0.3076923076923077,0.011088620920673132,0.016016896885416746,0.01439444467576536,0.005158714613479895,-1.7954216203416808,0.05949701004191609,1.1746479817102802,1.3336426091493458,0.8923951404682722,-1.7965608886825821
8,12,96,1,1,0,1,96,1.5,-0.0005050786632337874,0.0014609298433284385,-2.8353706392244287,200,8,0.08333333333333333,0.0016835462761484767,0.00183659593761652,0.001802193174812064,0.0008537869395847586,-2.735986380637926,0.003562296594414924,0.9567287339275575,1.036985412681514,0.855314321690702,-2.753317692712901
12,7,84,1,1,1,1,84,0.5833333333333334,-0.0007210822822088231,0.0001382069560991197,-3.8594700979210312,200,15,0.17857142857142858,0.00010524326611533956,0.00012812223700997858,0.00012154702965435431,5.9121143086019906e-05,-3.89237548717487,0.0003104518569363828,0.9950164899974437,1.0102578264459792,0.9745873346916911,-3.932262715009117
7,3,21,0,2,1,1,63,0.42857142857142855,3.3630325964573764e-19,1.7538188307217963e-33,-18.0,200,15,0.7142857142857143,0.05298044239852214,0.18543154839482748,0.1822925864108323,0.03932027046819844,-0.7318163752174892,0.3138984513788746,0.7975627200316794,1.6781232841862388,0.3074181052038448,-0.7057129815064752
12,14,168,1,2,1,0,924,1.1666666666666667,0.0011120517946529122,0.0032977841701113514,-2.4817777710071143,200,17,0.10119047619047619,0.00022476504115076984,0.00025006971465781015,0.00011327429474636963,4.941902818313614e-05,-3.6019389014458785,0.004477359033815956,1.017765341725038,1.0737380382066635,0.975759405795985,-3.582973640524585
5,20,100,1,0,0,1,80,4.0,-0.005616039765346438,0.014737649014757272,-1.8315717906527746,200,5,0.05,0.013452448889123624,0.014160472514866974,0.01357831098654516,0.005615587462429121,-1.8489222546140809,0.0249078526739192,1.0676459953980428,1.2826822819753303,0.8258610081856418,-1.8609888776095593
7,2,14,0,2,0,1,42,0.2857142857142857,0.00970411726495283,0.07403589293165555,-1.1305576813101619,200,0,0.0,0.04322213897551177,0.04322213897551177,0.038805023150091274,0.01845284663784086,-1.3642937445727334,0.07403589293165555,1.2327268155636943,1.7193642921012677,0.9000025234487548,-1.4787024497788435
2,11,22,1,2,0,0,11,5.5,0.008088449861328693,0.20212513121252948,-0.6943796851567409,200,4,0.18181818181818182,0.08875309516522421,0.1084760052019407,0.10646559023648032,0.03075272188837962,-0.964666316754101,0.2424269884067055,1.084801806185405,1.249665637266389,0.9573594714822383,-0.9218417504642673
2,16,32,0,2,1,0,16,8.0,0.026843715723501207,0.24085570838673198,-0.6182430562564191,200,1,0.03125,0.22405711808534712,0.2312847670558422,0.22377470692222395,0.15254677421218454,-0.6358529699161287,0.34034119887668335,0.4340846930225584,0.4545669076530616,0.41372755565068886,-0.6551427596854303
5,4,20,0,0,1,0,16,0.8,-0.026165500836656364,0.19353602384077978,-0.7132381856882746,200,10,0.5,0.05977046339817447,0.11954092679634894,0.12898302317583174,0.011832347672460063,-0.9224833814203571,0.22728310598012502,0.8092482421006792,1.4075519030685744,0.3763071102225001,-0.9367709626962578
4,10,40,0,0,0,0,30,2.5,-0.001693494619640643,0.12078388098442128,-0.9179910199086967,200,6,0.15,0.07792439761263967,0.09167576189722314,0.0979832478694845,0.018798305816295918,-1.037745472025829,0.20895432542846737,1.1654976306936433,1.7584365210980295,0.014656801289766763,-1.0567168133328004
2,11,22,0,1,1,1,22,5.5,-0.04618172002009199,0.20835476160372415,-0.6811965700106745,200,1,0.045454545454545456,0.22139927534194015,0.2319420979772706,0.22500643869755382,0.15851272323835663,-0.634620418848285,0.35013389777257325,1.0770043499604467,1.7938380613374931,0.548969019291736,-0.6383475680148215
5,6,30,0,2,0,0,60,1.2,-0.018773183012469056,0.07288297666457436,-1.1373738983484538,200,4,0.13333333333333333,0.03628262261590068,0.041864564556808474,0.037174655208648204,0.02553738763955747,-1.3781534216313416,0.08267985852145353,0.8712791881664993,1.0023390047968215,0.636532105472899,-1.3823957439238916
8,13,104,0,0,1,0,91,1.625,-0.006733518800797637,0.010216995321384224,-1.9906768054931647,200,28,0.2692307692307692,0.004258897273722455,0.005827964690357043,0.0063603681021228205,2.774792318678596e-05,-2.2344830881356694,0.015622644831569237,0.909652628358112,1.0416687904572919,0.8205591362470547,-2.28369858389224
12,6,72,0,2,0,1,396,0.5,0.0002830965467720522,0.0006353241237855157,-3.197004653828877,200,0,0.0,0.0009152315258164149,0.0009152315258164149,0.0007971879715176248,0.0005129960958786568,-3.038469028703698,0.0021270116776955,1.0068876430001579,1.019506707680341,0.9901412721455395,-3.0596991311695856
10,20,200,0,2,1,0,900,2.0,-0.0006514273491376773,0.0010125403252289852,-2.9945876716434765,200,9,0.045,0.0009330223346275966,0.0009769867378299443,0.000968863271810958,0.0007581873551347102,-3.010111331599923,0.002262426844293933,0.7345984432703316,0.794926606829927,0.6965137978071634,-3.0396908527417117
6,11,66,1,0,0,1,55,1.8333333333333333,0.010560651739597512,0.007417201637521524,-2.1297599144798287,200,8,0.12121212121212122,0.005482420157876815,0.006238616041721893,0.005628150849604433,0.003432119895359812,-2.204911742385783,0.012674254559019285,1.14703423623301,1.2378241140950814,1.0255914429675235,-2.186992926006568
2,19,38,0,1,1,1,38,9.5,-0.0016436787426840982,0.2038719568790647,-0.6906425084556213,200,1,0.02631578947368421,0.21876485678464852,0.2246774204815309,0.22222159771520605,0.16335332882310458,-0.6484405708964294,0.3170641610809005,1.3551214201462833,1.8976039614365585,0.9449049361710947,-0.6424416002972609
7,5,35,1,1,1,0,35,0.7142857142857143,-0.0008966680601326065,0.0017924839793521503,-2.746544717227833,200,7,0.2,0.004013970587703529,0.005017463234629411,0.004252038855154963,0.0017924839793521503,-2.2995158011137344,0.013023785851151808,0.8843813908245782,1.0149059511052922,0.7821928896601249,-2.5176015486045054
12,6,72,0,0,0,0,66,0.5,0.015414216465583587,0.19110000780200118,-0.7187392952141343,200,51,0.7083333333333334,0.027817857329099034,0.09537551084262526,0.09325313207726121,0.00035318360809968196,-1.0205631228977277,0.2676270109170801,0.7205589727005256,1.1094535917686519,0.3103147552727088,-0.9865322119954749
5,4,20,1,0,0,0,16,0.8,0.02335514496153607,0.29859400790568175,-0.5249189118139697,200,16,0.8,0.037754156479125514,0.18877078239562756,0.18740365498986153,0.05700833322144555,-0.7240652241602832,0.32326748638134156,1.4206276960912245,1.9129178106546967,0.9176364175778895,-0.7204030827184309
4,20,80,1,1,0,0,80,5.0,-0.008020050788361427,0.04029674921524426,-1.3947299874773873,200,12,0.15,0.02517185336582335,0.029613945136262764,0.02893032878551275,0.011012783012080155,-1.5285037325371151,0.060374377402036355,1.288622683679985,1.424342333897412,1.1118503671602882,-1.5409824157714913
7,16,112,1,1,1,1,112,2.2857142857142856,0.00392468375552604,0.003562371425491209,-2.448260801427603,200,8,0.07142857142857142,0.0036585956627268553,0.003940026098321229,0.003784862632797985,0.0014048933268002192,-2.4045009014436243,0.008629346243901362,0.9958224624162457,1.004676433480781,0.9901140772220726,-2.4034211879255465
8,16,128,0,0,1,0,112,2.0,-0.0025895170807228797,0.00605384653854661,-2.217968592349899,200,28,0.21875,0.0031186360100424393,0.003991854092854322,0.00429965939211799,7.055503516683803e-05,-2.3988253410886466,0.009064058422698635,0.9599382571722117,1.0232270915786499,0.8475264454664757,-2.378541043193756
4,9,36,0,2,1,0,54,2.25,-0.01643410499662223,0.06485020987139131,-1.188088614092782,200,3,0.08333333333333333,0.057079207045852245,0.06226822586820245,0.057420588003471815,0.04493909718556952,-1.205733507919617,0.12393238205060417,0.8204666438437643,0.977741052670198,0.555832930502788,-1.2081838356357721
11,13,143,0,1,0,1,143,1.1818181818181819,0.0004404605326282253,0.0007304270397428284,-3.1364231579905453,200,0,0.0,0.0006258169282184426,0.0006258169282184426,0.0005910391402994122,0.0003826438034005225,-3.203552693455047,0.0012965681300317593,0.966730413080587,0.9934188838980191,0.9238951505483226,-3.2070157928845218
3,16,48,1,1,0,0,48,5.333333333333333,-0.011226027599342244,0.06775753398113599,-1.169042408431093,200,7,0.14583333333333334,0.048488544436991333,0.056767076414038636,0.055978846266685,0.02440033439544441,-1.245903471988176,0.11776952394249157,1.052644619075591,1.5015364878792468,0.5778537449880637,-1.2374272628981953
10,2,20,1,0,0,1,18,0.2,-0.0008122286361161683,0.00015943802046828183,-3.7974081063361615,200,6,0.3,0.00018201844142332453,0.0002600263448904637,0.0002130083570485117,3.336326456611439e-05,-3.5849826487179,0.0007721144437163283,0.0009128563329213828,0.0022979525741313425,0.00013992150135579669,-3.100782022187968
7,10,70,1,0,1,0,60,1.4285714285714286,-0.00019027051976657272,0.020222184113518747,-1.6941719398813766,200,26,0.37142857142857144,0.0028705264971506527,0.004566746700012402,0.0024894879900751216,0.0007201696507466378,-2.340393076380223,0.020222184113518747,1.0618639867195279,1.2140635589481226,0.9078481569862972,-2.146533867641964
3,6,18,1,0,1,0,12,2.0,-0.010787863044778545,0.12369919482965938,-0.9076331272275808,200,8,0.4444444444444444,0.04011051750454047,0.07219893150817286,0.045235956341791866,0.020065878523380105,-1.1414692296261808,0.15208084205664332,0.9355798920818709,1.489999082477136,0.4693901768858004,-1.1414493571447402
8,2,16,0,1,0,0,16,0.25,-0.025189559091841462,0.31542634699652583,-0.5011020336535558,200,12,0.75,0.04655551911997521,0.18622207647990086,0.18944432776637474,0.050573303390328055,-0.7299688350352799,0.31542634699652583,0.4946771553095726,0.8054879597810525,0.2472484460711708,-0.7011019463521868
3,19,57,0,2,0,0,57,6.333333333333333,-0.023370757465899297,0.10580706189484347,-0.9754853451589487,200,2,0.03508771929824561,0.11429761163333774,0.11845388842000455,0.11618816204361321,0.07289733305473824,-0.9264506783634731,0.2103991559732021,1.3445472055002785,1.6590590137948231,0.9906569549899618,-0.925787689187528
11,4,44,1,0,0,1,40,0.36363636363636365,0.000307149274969242,4.9914725922559494e-05,-4.3017713092177505,200,11,0.25,0.00015684719912321298,0.0002091295988309506,0.00019863447809713488,2.2518349881786836e-05,-3.679584495641289,0.0004008681059918719,0.9989227115120215,1.0001732646403612,0.9979416245552848,-3.7235791758797183
2,18,36,1,2,0,0,18,9.0,0.009012163812759027,0.12431807659696732,-0.9054657177338418,200,2,0.05555555555555555,0.1067022226775459,0.1129788240115192,0.10732766438461239,0.07123742325874767,-0.9470029501162966,0.22005821308695683,1.1165577989953392,1.6682222220042124,0.36676164161499314,-0.9631503571994738
8,3,24,1,1,1,1,24,0.375,0.0030744029972176214,0.0015823373272406205,-2.800700926816529,200,7,0.2916666666666667,0.003016832805269798,0.00425905807802795,0.0033781417323779034,0.0014096019777773635,-2.370686437692139,0.009960273978682207,1.0160413513701545,1.0308982932560313,0.9998815659901524,-1.9699720053815246
9,5,45,1,2,0,1,180,0.5555555555555556,0.00014600429700380518,0.00038876139552921734,-3.4103168675653044,200,7,0.15555555555555556,0.002712976887696145,0.0032127357880612243,0.0020681140748017852,0.00038876139552921734,-2.4931249888914384,0.010720688035824287,1.0012484625612357,1.045504291838585,0.9706306767385152,-2.340810271635567
11,4,44,1,1,1,0,44,0.36363636363636365,-0.000819438324538868,0.000232399217279717,-3.633765338982534,200,8,0.18181818181818182,0.00031021890376176195,0.0003791564379310424,0.0003278482207635083,0.00015437481229026157,-3.42118156546091,0.0007688580825886382,0.9915097561546733,1.0023969878669508,0.9786050583827888,-3.464885887620851
4,20,80,1,1,1,1,80,5.0,-0.013398473437037223,0.028775815485506485,-1.5409723599366707,200,6,0.075,0.028203819894664372,0.030490616102339864,0.029877827776456495,0.01274130671296046,-1.5158338000641642,0.0627510241477998,1.0701236447925004,1.4731669143716168,0.7135379837500568,-1.522156106529247
8,17,136,0,2,1,0,476,2.125,-0.0029690918032057355,0.003467591918185847,-2.459972017916738,200,7,0.051470588235294115,0.0038017493838456754,0.004008045862038852,0.003948801302188675,0.0030032737252517643,-2.397067317700579,0.007338898341101587,0.9866429719010622,1.0553398181707128,0.9034458095298565,-2.402919487473226
4,19,76,1,1,0,1,76,4.75,-0.004687341202773711,0.027179690953689974,-1.565755485715009,200,1,0.013157894736842105,0.028319636340870355,0.02869723149208196,0.027245942543181544,0.017624881499505304,-1.5421599989352441,0.05372910450207425,1.0609501244706687,1.1396700787220984,0.9393034614927994,-1.546523719404645
8,1,8,0,2,0,0,28,0.125,0.038470508051355726,0.4955871943890291,-0.3048799240030621,200,7,0.875,0.06194839929862864,0.4955871943890291,0.4955871943890291,0.4955871943890291,-0.3048799240030621,0.4955871943890291,1.1841681315901003,1.8363270507072031,0.8050724961619995,-0.324709939222363
6,16,96,0,1,1,0,96,2.6666666666666665,-0.004409034404117841,0.014231420720347651,-1.8467517422060715,200,1,0.010416666666666666,0.016145229469074606,0.0163151792529596,0.015738242773238553,0.01219582166743677,-1.7874081503073929,0.03169932949390362,0.9227270945393239,1.1039368776453136,0.8178307812828193,-1.7756779094520525
11,3,33,0,1,1,1,33,0.2727272727272727,0.000494437294612476,0.0010293879332205986,-2.9874209269799854,200,6,0.18181818181818182,0.0013816826453519968,0.0016887232332079961,0.0014536683757614569,0.0007468079776357397,-2.77244152161888,0.004192575190691803,0.9910101806677861,1.004346853082296,0.9843244011383477,-2.8001872963449257
2,8,16,0,0,1,0,8,4.0,-0.03914957600222242,0.23274247718499072,-0.6331243475962309,200,1,0.0625,0.20725821959350926,0.22107543423307655,0.21570783971924207,0.1483665141175778,-0.6554595132772364,0.3291354912703591,1.1774317186979204,1.6862786358805957,0.3403033811448216,-0.6626626880243685
8,1,8,1,2,1,1,28,0.125,2.6106192543590293e-18,2.5757949347268777e-33,-18.0,200,7,0.875,0.05933153623793924,0.47465228990351394,0.47465228990351394,0.47465228990351394,-0.3236244195834228,0.47465228990351394,0.4468976839668117,0.8508678879106203,0.023800656350026594,-0.2575787523768248
4,1,4,1,0,1,0,3,0.25,-0.024421372808270156,0.5313743464805436,-0.27459941614868477,200,3,0.75,0.1328435866201359,0.5313743464805436,0.5313743464805436,0.5313743464805436,-0.27459941614868477,0.5313743464805436,0.7820229629612204,1.1143476881407894,0.3606508012337212,-0.29784327479732203
3,18,54,0,1,1,0,54,6.0,-0.02666106433877814,0.11703789037057336,-0.931673515049835,200,2,0.037037037037037035,0.1129992236123991,0.11734534759749136,0.11007752858273613,0.08796617605702743,-0.930534124239997,0.21937072166679542,1.4066388096425249,1.7768551524639595,0.9654296685949502,-0.915309441515322
11,20,220,1,0,0,1,200,1.8181818181818181,-0.0016887785082023172,0.00016862808455824087,-3.7730700930984176,200,10,0.045454545454545456,0.00020740670119603866,0.0002172832107768024,0.00020926720467037458,9.453514170036597e-05,-3.6629738298170023,0.00044338261886678885,1.011663320443765,1.0226591197397086,1.000415992783074,-3.648871509652308
7,9,63,1,2,1,0,189,1.2857142857142858,-0.006799491911419923,0.005610621536252564,-2.2509890255864353,200,17,0.2698412698412698,0.0034843381989820075,0.0047720284029536195,0.00348998414995756,0.0006877731645659697,-2.3212969800877565,0.01709591940493393,0.953176683836915,1.0665416003255959,0.7705849445888103,-2.2470338514501758
8,10,80,1,1,1,0,80,1.25,3.1653434499273604e-06,0.0024492015644146286,-2.610975471832898,200,7,0.0875,0.0018587858666151748,0.002037025607249507,0.001959910321879331,0.0012481584503060746,-2.691003511492101,0.0038383562630387525,0.9314553958795145,1.0703978416249067,0.774621126092897,-2.680363605827279
8,16,128,0,1,1,1,128,2.0,0.002762263654903459,0.003830797945080588,-2.416710754216535,200,4,0.03125,0.003870848505436263,0.003995714586256787,0.003929411052858344,0.0028123550724804113,-2.398405540976744,0.007448751474563157,1.0333297102999361,1.1289599318345769,0.9416222205388909,-2.3938650112656057
6,19,114,1,2,0,1,285,3.1666666666666665,-0.0012561746345876874,0.007732317665624351,-2.1116903122231787,200,10,0.08771929824561403,0.007162052220586922,0.007850711087951049,0.0077143796041083575,0.0029638419611287925,-2.1050910047086435,0.019036183541835193,1.0176404234550127,1.154229294287763,0.8551050908947292,-2.105159009338646
10,13,130,1,1,0,1,130,1.3,0.0010085965335562832,0.00040848682510392887,-3.388821946174245,200,5,0.038461538461538464,0.0004111965583449088,0.0004276444206787051,0.00040800972165634,0.00017929740803425184,-3.3689171896801238,0.0009798144756206924,1.0099127510946735,1.0281832470714616,0.9972938914660961,-3.3615774411451422
2,18,36,0,1,1,1,36,9.0,0.01811191905911784,0.21286693587347497,-0.6718917912759103,200,1,0.027777777777777776,0.22066899204558088,0.22697382038974034,0.2238715426207016,0.13925158626499873,-0.6440242323044478,0.3668120964044303,1.1522764145874886,1.4827444682710182,0.5566065108049814,-0.6414148637671678
5,20,100,1,0,1,0,80,4.0,0.017236660537954168,0.014407410554902245,-1.8414140679557314,200,13,0.13,0.012503395320299196,0.014371718758964593,0.014876326401505737,0.0038496864041902075,-1.8424912901192703,0.029736916466893873,1.0388446448095479,1.3806278273012205,0.7785084279286094,-1.8448376186600075
8,9,72,0,0,0,1,63,1.125,-0.007464266707228639,0.005624505903170806,-2.2499156230746347,200,0,0.0,0.00516805013786401,0.00516805013786401,0.004778283195350362,0.003405714441367467,-2.286673281682467,0.01087961431404486,0.9355994181329778,1.019707333090769,0.8794423283413647,-2.361861940683309
12,15,180,1,0,1,1,165,1.25,0.0008753135890202583,0.00013658528213558176,-3.864596095908304,200,14,0.07777777777777778,0.00011134183777621199,0.00012073211325131423,0.00012014953633834555,5.2002641403608524e-05,-3.918177197567402,0.00024657980858985883,0.17549997756558278,0.19453698600453084,0.1637927508563496,-3.9143159171050703
5,7,35,1,2,1,1,70,1.4,-9.172350379227368e-19,1.8606423815874813e-33,-18.0,200,16,0.45714285714285713,0.011472850543849436,0.021134198370248963,0.01920400041836572,0.003376161577248833,-1.6750142205096696,0.05565848053328381,1.1086362618720202,1.2191600762351196,1.045209044464165,-1.6461821589294847
10,4,40,1,1,1,0,40,0.4,0.0007486307297705537,0.00035055702324055465,-3.455241327584859,200,13,0.325,0.0006240789086487019,0.000924561346146225,0.0008757023870176793,0.0003334444655691756,-3.0340642674048706,0.0020641889575817966,1.0040490543455955,1.0120490603503813,0.9957464596616353,-3.159751602478224
8,12,96,0,2,0,1,336,1.5,-0.00011042926879086506,0.004606751960255636,-2.336605170684643,200,0,0.0,0.004464746690578358,0.004464746690578358,0.004083496164459131,0.003168231066051561,-2.3502031759702238,0.010400456065620935,1.034272567278075,1.0815842870248296,0.9525480254600462,-2.3541086002240665
12,6,72,1,2,1,0,396,0.5,0.006251109970726853,0.017514925021466943,-1.756591717486047,200,23,0.3194444444444444,0.0014504976888594506,0.002131343542813887,9.466823036506553e-05,1.821752563016406e-05,-2.6713465424381466,0.019462183489760178,1.008267660159458,1.0307188302223764,0.9698044894957776,-2.108150811920112
9,3,27,1,1,0,0,27,0.3333333333333333,0.03969087137797925,0.29426741902061043,-0.5312578198672838,200,24,0.8888888888888888,0.03105168437080719,0.27946515933726473,0.29426741902061043,0.24986063997057315,-0.5536723274939199,0.2942674190206105,1.2561825904231905,1.8484488794537417,0.6746591231985539,-0.6111647760342233
10,14,140,1,0,0,1,126,1.4,-0.00037249917906049114,0.0003857599253324105,-3.413682891028539,200,7,0.05,0.00033838077384807215,0.0003561902882611286,0.0003483050768675467,0.00017861127569666853,-3.4483179260072525,0.0007866178333669379,1.0023440638137413,1.0252094628977642,0.9793005766009178,-3.394313720492947
3,13,39,0,2,1,1,39,4.333333333333333,-0.028560445786811776,0.10872117493977994,-0.963685862869512,200,3,0.07692307692307693,0.10688144422425754,0.11578823124294566,0.10895759430976756,0.04544046973640101,-0.9363355802112259,0.21162408466986296,0.7059582658457536,1.2365064864810376,0.24500882851548267,-0.9156464184960414
6,17,102,0,2,0,0,255,2.8333333333333335,-0.005031661147541937,0.0169972191525722,-1.7696221260029947,200,5,0.049019607843137254,0.015091339248500838,0.01586924333347511,0.015245680057129033,0.0126698459528119,-1.799443780487162,0.035195082072322165,1.1341626824703896,1.2122986516537357,1.071384179546105,-1.7983610964270542
6,2,12,0,2,1,0,30,0.3333333333333333,-0.007878031433279985,0.25568776810384725,-0.5922900477736922,200,5,0.4166666666666667,0.04589548718763133,0.07867797803593943,0.008550644452728092,0.004817931369369258,-1.1041468096464175,0.25568776810384725,1.192680395489588,1.6207196639039494,0.9254907723967762,-1.0270588741321927
8,5,40,1,1,1,1,40,0.625,0.00208589535847856,0.0016525084059379129,-2.7818563226785304,200,15,0.375,0.0016014346889863234,0.0025622955023781174,0.001673716995022467,0.0008436241987200291,-2.5913707857343224,0.008194264856418393,1.019441454778696,1.0575764778108365,0.9905157103271757,-2.5701205262202933
8,14,112,1,2,0,0,392,1.75,0.00304125445141137,0.0030834648718724472,-2.5109609948747305,200,23,0.20535714285714285,0.0018042910072483946,0.0022705684585597775,0.0021167752246122238,0.0009126677790618304,-2.643865399410871,0.006525393057492482,1.0938996138168353,1.217748734437473,0.9597151390453963,-2.6362202045462726
12,18,216,1,1,1,0,216,1.5,-0.0005397432358590627,0.00012680467481936532,-3.8968647353278674,200,7,0.032407407407407406,0.00012246755721482706,0.00012656934142776384,0.00012103772270333287,9.235946651009583e-05,-3.8976714796364056,0.0002683146134757714,0.1497616689101733,0.16682578448388685,0.13649010436380113,-3.881376042487914
4,19,76,1,0,0,1,57,4.75,0.006034020093849452,0.02751690560745982,-1.56040040594396,200,1,0.013157894736842105,0.02713592259376298,0.027497734895013153,0.026257087571804845,0.011396115094831578,-1.5607030793738212,0.05618371587883519,0.925411415320634,1.3250665452752397,0.6021590782599181,-1.5579331730071282
7,6,42,0,0,1,0,36,0.8571428571428571,-0.0004456645548055471,0.09592308038211067,-1.0180768831674198,200,21,0.5,0.026907572041474544,0.05381514408294909,0.05321112450450639,0.0009693309814769785,-1.2690954926206353,0.14373343549486273,0.8877346461219803,1.1013750318805084,0.5453065283851333,-1.186370964282065
7,12,84,0,0,1,1,72,1.7142857142857142,-0.009814391904187226,0.00802490095642941,-2.095560318965659,200,3,0.03571428571428571,0.007915233641357865,0.008208390442889638,0.007658507574594146,0.005951633312437056,-2.085741993952585,0.01925939261494897,1.0148518259904624,1.0558557974629847,0.9927779813719267,-2.0547329045172265
9,11,99,1,1,1,1,99,1.2222222222222223,-0.0033641454570829815,0.0008798667010927034,-3.0555831180371875,200,14,0.1414141414141414,0.0008532797396581387,0.0009938199320724205,0.000985921381410542,0.00037879783948333067,-3.0026922972843297,0.002294236229142694,1.025411230234859,1.0588596430140436,1.0033874025150324,-3.0171759099525275
5,8,40,0,2,0,1,80,1.6,-0.024031438364528698,0.03206506782366048,-1.493967837131107,200,0,0.0,0.034900810579039376,0.034900810579039376,0.031638238247717346,0.026029587585868416,-1.457164486338358,0.06372382881071287,0.9781922855563708,1.051599863949934,0.9227977459741473,-1.4587548138538673
3,5,15,0,2,1,0,15,1.6666666666666667,-0.0012757375621937194,0.14819895252901238,-0.8291548659415593,200,2,0.13333333333333333,0.1074065370862641,0.12393061971492013,0.1056695450753413,0.09014967028727326,-0.9068213786092687,0.21737084008367508,0.8290178419125662,1.294251527575046,0.41688897000515635,-0.9049753498288629
2,1,2,0,1,1,0,2,0.5,1.920104452214931e-18,7.926304802957265e-34,-18.0,200,1,0.5,0.23159309281190402,0.46318618562380803,0.46318618562380803,0.46318618562380803,-0.334244401778066,0.46318618562380803,0.24853948162318062,0.718295477421934,0.010064980980654115,-0.4594932935398183
7,9,63,1,0,0,0,54,1.2857142857142858,0.02080092028636492,0.07432434979638704,-1.1288688813975134,200,46,0.7301587301587301,0.024406883678223846,0.09044903951341778,0.07590994068709266,0.023832123102850586,-1.0435960405923088,0.19697967609553405,0.9703952846389673,1.4542751901612623,0.5149130982471917,-1.2643321761276336
3,2,6,1,0,0,0,4,0.6666666666666666,0.039447550760052935,0.5002277597282774,-0.30083221112153435,200,4,0.6666666666666666,0.16674258657609245,0.5002277597282774,0.5002277597282774,0.5002277597282773,-0.30083221112153435,0.5002277597282774,0.7773094744193352,1.570596265610142,0.02502415375044542,-0.43815043790943653
7,8,56,0,0,0,1,48,1.1428571428571428,0.012982875741105319,0.010306620993416664,-1.986883694022314,200,0,0.0,0.009466702653940026,0.009466702653940026,0.009220600794457547,0.005872004562655885,-2.0238012637172162,0.015815540316407875,1.0029730992699701,1.1658518681112509,0.8577223259803293,-2.042826133038998
8,19,152,1,0,0,1,133,2.375,0.00021299837386968044,0.0016255962716187396,-2.7889873054697873,200,10,0.06578947368421052,0.0016944895507348028,0.0018138198007865499,0.0017327692932288807,0.0007755320958286925,-2.7414058613836283,0.0040482065666623615,0.9822821264952704,1.0065571444563122,0.9431714090040382,-2.74284338801888
6,4,24,0,1,0,1,24,0.6666666666666666,-0.010393513024649876,0.0159943937802728,-1.796032215903204,200,0,0.0,0.016744387531422003,0.016744387531422003,0.015064510158287754,0.010051614332201714,-1.776130733259281,0.03192709884971477,0.8368178863466672,1.0234990851125223,0.6459217715741528,-1.7522131372165173
11,13,143,1,1,0,1,143,1.1818181818181819,0.0001290334360079324,0.00017952500601272565,-3.745875050055222,200,9,0.06293706293706294,0.0002017963220143259,0.0002153498063287209,0.00021025028512892363,6.957777958947329e-05,-3.6668555144767496,0.0004404728626502031,0.998008510418834,1.0058330154547712,0.9871628165329609,-3.6906837803244423
8,6,48,0,2,0,0,168,0.75,-0.008061589620306515,0.025756334958874368,-1.5891159355815876,200,7,0.14583333333333334,0.008330800969910294,0.009753132842821807,0.007305146836261861,0.00483171103474005,-2.0108558604236486,0.03282783622533088,1.011397917751836,1.0467108760137673,0.9611505212254927,-1.95772151318527
12,2,24,0,1,1,0,24,0.16666666666666666,2.97757836055439e-18,9.599435801707678e-34,-18.0,200,1,0.041666666666666664,0.0009408695667056155,0.000981776939171077,0.0009452319322594392,0.00029390775455864407,-3.007987173202101,0.002175796715232181,0.9845729767888513,1.000581388258821,0.9683819726764309,-3.086221675476825
8,2,16,0,0,1,1,14,0.25,-1.2605098951400682e-18,5.88371019178024e-34,-18.0,200,4,0.25,0.006976039835141101,0.0093013864468548,0.009819419182036174,0.00248337772139592,-2.031452311516993,0.01451518746639939,1.0387658592709277,1.3027625366452444,0.8154824016490798,-2.018569872841817
10,20,200,1,1,1,1,200,2.0,-0.0016710793024891223,0.0004429480673816189,-3.3536471888371917,200,14,0.07,0.0004588037001480501,0.0004933373119871506,0.00048172994645561247,0.000208303006449941,-3.3068560368238322,0.001018732613098662,0.5149548001859862,0.5463290689109465,0.46225019286734237,-3.324022608309584
4,6,24,0,2,0,0,36,1.5,-0.006854876956653608,0.11215478695522998,-0.9501821852653705,200,3,0.125,0.06484996446558289,0.07411424510352331,0.0625711775971796,0.05015523112395465,-1.1300983105730007,0.143923809619988,1.2165590471044552,1.573112038006671,0.6801346257881727,-1.1441915717473063
